,date,total_co2_emissions,co2_units,total_renewable_consum,renewable_consum_units,total_energy_consum,energy_cons_units,total_renewable_prod,renewable_prod_units,total_energy_prod,energy_prod_units
0,01/01/1973,454.077,Million Metric Tons of Carbon Dioxide,0.403981,Quadrillon Btu,7.223873,Quadrillion Btu,403.981,Trillion Btu,5.404715,Quadrillion Btu
1,01/02/1973,415.098,Million Metric Tons of Carbon Dioxide,0.3609,Quadrillon Btu,6.592366,Quadrillion Btu,360.9,Trillion Btu,5.155115,Quadrillion Btu
2,01/03/1973,407.423,Million Metric Tons of Carbon Dioxide,0.400161,Quadrillon Btu,6.521439,Quadrillion Btu,400.161,Trillion Btu,5.419556,Quadrillion Btu
3,01/04/1973,368.205,Million Metric Tons of Carbon Dioxide,0.38047,Quadrillon Btu,5.941729,Quadrillion Btu,380.47,Trillion Btu,5.160812,Quadrillion Btu
4,01/05/1973,376.028,Million Metric Tons of Carbon Dioxide,0.392141,Quadrillon Btu,6.07194,Quadrillion Btu,392.141,Trillion Btu,5.411246,Quadrillion Btu
5,01/06/1973,359.983,Million Metric Tons of Carbon Dioxide,0.377232,Quadrillon Btu,5.802683,Quadrillion Btu,377.232,Trillion Btu,5.167296,Quadrillion Btu
6,01/07/1973,369.765,Million Metric Tons of Carbon Dioxide,0.367325,Quadrillon Btu,5.951909,Quadrillion Btu,367.325,Trillion Btu,5.191492,Quadrillion Btu
7,01/08/1973,385.331,Million Metric Tons of Carbon Dioxide,0.353757,Quadrillon Btu,6.191657,Quadrillion Btu,353.757,Trillion Btu,5.480638,Quadrillion Btu
8,01/09/1973,361.336,Million Metric Tons of Carbon Dioxide,0.307006,Quadrillon Btu,5.773515,Quadrillion Btu,307.006,Trillion Btu,5.124234,Quadrillion Btu
9,01/10/1973,385.389,Million Metric Tons of Carbon Dioxide,0.323453,Quadrillon Btu,6.174862,Quadrillion Btu,323.453,Trillion Btu,5.403745,Quadrillion Btu
10,01/11/1973,408.419,Million Metric Tons of Carbon Dioxide,0.337817,Quadrillon Btu,6.519033,Quadrillion Btu,337.817,Trillion Btu,5.237093,Quadrillion Btu
11,01/12/1973,429.789,Million Metric Tons of Carbon Dioxide,0.406694,Quadrillon Btu,6.886904,Quadrillion Btu,406.694,Trillion Btu,5.374447,Quadrillion Btu
12,01/01/1974,429.201,Million Metric Tons of Carbon Dioxide,0.437467,Quadrillon Btu,6.904043,Quadrillion Btu,437.467,Trillion Btu,5.483364,Quadrillion Btu
13,01/02/1974,390.726,Million Metric Tons of Carbon Dioxide,0.399942,Quadrillon Btu,6.3143,Quadrillion Btu,399.942,Trillion Btu,5.060362,Quadrillion Btu
14,01/03/1974,392.583,Million Metric Tons of Carbon Dioxide,0.423474,Quadrillon Btu,6.370767,Quadrillion Btu,423.474,Trillion Btu,5.402702,Quadrillion Btu
15,01/04/1974,361.088,Million Metric Tons of Carbon Dioxide,0.422323,Quadrillon Btu,5.861066,Quadrillion Btu,422.323,Trillion Btu,5.277046,Quadrillion Btu
16,01/05/1974,360.241,Million Metric Tons of Carbon Dioxide,0.427657,Quadrillon Btu,5.864485,Quadrillion Btu,427.657,Trillion Btu,5.467495,Quadrillion Btu
17,01/06/1974,346.979,Million Metric Tons of Carbon Dioxide,0.409281,Quadrillon Btu,5.642248,Quadrillion Btu,409.281,Trillion Btu,5.045352,Quadrillion Btu
18,01/07/1974,367.633,Million Metric Tons of Carbon Dioxide,0.409719,Quadrillon Btu,5.985353,Quadrillion Btu,409.719,Trillion Btu,5.239915,Quadrillion Btu
19,01/08/1974,370.067,Million Metric Tons of Carbon Dioxide,0.386101,Quadrillon Btu,6.015502,Quadrillion Btu,386.101,Trillion Btu,5.259889,Quadrillion Btu
20,01/09/1974,349.995,Million Metric Tons of Carbon Dioxide,0.35391,Quadrillon Btu,5.711198,Quadrillion Btu,353.91,Trillion Btu,5.090946,Quadrillion Btu
21,01/10/1974,381.654,Million Metric Tons of Carbon Dioxide,0.343703,Quadrillon Btu,6.182018,Quadrillion Btu,343.703,Trillion Btu,5.365003,Quadrillion Btu
22,01/11/1974,385.794,Million Metric Tons of Carbon Dioxide,0.351633,Quadrillon Btu,6.235546,Quadrillion Btu,351.633,Trillion Btu,4.65569,Quadrillion Btu
23,01/12/1974,424.995,Million Metric Tons of Carbon Dioxide,0.376642,Quadrillon Btu,6.842659,Quadrillion Btu,376.642,Trillion Btu,4.960546,Quadrillion Btu
24,01/01/1975,438.55,Million Metric Tons of Carbon Dioxide,0.392756,Quadrillon Btu,7.056118,Quadrillion Btu,392.756,Trillion Btu,5.277898,Quadrillion Btu
25,01/02/1975,384.031,Million Metric Tons of Carbon Dioxide,0.368278,Quadrillon Btu,6.168996,Quadrillion Btu,368.278,Trillion Btu,4.890059,Quadrillion Btu
26,01/03/1975,393.659,Million Metric Tons of Carbon Dioxide,0.42349,Quadrillon Btu,6.383482,Quadrillion Btu,423.49,Trillion Btu,5.230962,Quadrillion Btu
27,01/04/1975,357.98,Million Metric Tons of Carbon Dioxide,0.405368,Quadrillon Btu,5.797914,Quadrillion Btu,405.368,Trillion Btu,5.086106,Quadrillion Btu
28,01/05/1975,336.301,Million Metric Tons of Carbon Dioxide,0.421283,Quadrillon Btu,5.491667,Quadrillion Btu,421.283,Trillion Btu,5.217412,Quadrillion Btu
29,01/06/1975,333.373,Million Metric Tons of Carbon Dioxide,0.411622,Quadrillon Btu,5.435627,Quadrillion Btu,411.622,Trillion Btu,5.105715,Quadrillion Btu
30,01/07/1975,346.887,Million Metric Tons of Carbon Dioxide,0.398459,Quadrillon Btu,5.669107,Quadrillion Btu,398.459,Trillion Btu,4.964138,Quadrillion Btu
31,01/08/1975,353.319,Million Metric Tons of Carbon Dioxide,0.36823,Quadrillon Btu,5.744318,Quadrillion Btu,368.23,Trillion Btu,5.061959,Quadrillion Btu
32,01/09/1975,336.736,Million Metric Tons of Carbon Dioxide,0.341957,Quadrillon Btu,5.498393,Quadrillion Btu,341.957,Trillion Btu,4.987107,Quadrillion Btu
33,01/10/1975,360.533,Million Metric Tons of Carbon Dioxide,0.368786,Quadrillon Btu,5.908704,Quadrillion Btu,368.786,Trillion Btu,5.230146,Quadrillion Btu
34,01/11/1975,358.024,Million Metric Tons of Carbon Dioxide,0.383196,Quadrillon Btu,5.850411,Quadrillion Btu,383.196,Trillion Btu,5.001053,Quadrillion Btu
35,01/12/1975,428.516,Million Metric Tons of Carbon Dioxide,0.403696,Quadrillon Btu,6.926691,Quadrillion Btu,403.696,Trillion Btu,5.230896,Quadrillion Btu
36,01/01/1976,452.381,Million Metric Tons of Carbon Dioxide,0.421775,Quadrillon Btu,7.312324,Quadrillion Btu,421.775,Trillion Btu,5.19414,Quadrillion Btu
37,01/02/1976,394.215,Million Metric Tons of Carbon Dioxide,0.396173,Quadrillon Btu,6.393452,Quadrillion Btu,396.173,Trillion Btu,4.971436,Quadrillion Btu
38,01/03/1976,395.74,Million Metric Tons of Carbon Dioxide,0.427044,Quadrillon Btu,6.391633,Quadrillion Btu,427.044,Trillion Btu,5.335003,Quadrillion Btu
39,01/04/1976,364.365,Million Metric Tons of Carbon Dioxide,0.396931,Quadrillon Btu,5.855319,Quadrillion Btu,396.931,Trillion Btu,5.061299,Quadrillion Btu
40,01/05/1976,356.969,Million Metric Tons of Carbon Dioxide,0.415728,Quadrillon Btu,5.793322,Quadrillion Btu,415.728,Trillion Btu,5.169888,Quadrillion Btu
41,01/06/1976,357.673,Million Metric Tons of Carbon Dioxide,0.411555,Quadrillon Btu,5.824544,Quadrillion Btu,411.555,Trillion Btu,5.16109,Quadrillion Btu
42,01/07/1976,369.419,Million Metric Tons of Carbon Dioxide,0.421425,Quadrillon Btu,6.024682,Quadrillion Btu,421.425,Trillion Btu,4.930762,Quadrillion Btu
43,01/08/1976,366.963,Million Metric Tons of Carbon Dioxide,0.398129,Quadrillon Btu,5.970726,Quadrillion Btu,398.129,Trillion Btu,5.088436,Quadrillion Btu
44,01/09/1976,353.909,Million Metric Tons of Carbon Dioxide,0.356984,Quadrillon Btu,5.739519,Quadrillion Btu,356.984,Trillion Btu,5.07888,Quadrillion Btu
45,01/10/1976,384.212,Million Metric Tons of Carbon Dioxide,0.369186,Quadrillon Btu,6.244598,Quadrillion Btu,369.186,Trillion Btu,5.161777,Quadrillion Btu
46,01/11/1976,419.899,Million Metric Tons of Carbon Dioxide,0.351386,Quadrillon Btu,6.729925,Quadrillion Btu,351.386,Trillion Btu,5.07694,Quadrillion Btu
47,01/12/1976,478.786,Million Metric Tons of Carbon Dioxide,0.360834,Quadrillon Btu,7.658479,Quadrillion Btu,360.834,Trillion Btu,5.292846,Quadrillion Btu
48,01/01/1977,489.057,Million Metric Tons of Carbon Dioxide,0.378521,Quadrillon Btu,7.852451,Quadrillion Btu,378.521,Trillion Btu,4.933563,Quadrillion Btu
49,01/02/1977,418.716,Million Metric Tons of Carbon Dioxide,0.304328,Quadrillon Btu,6.654863,Quadrillion Btu,304.328,Trillion Btu,4.767677,Quadrillion Btu
50,01/03/1977,407.834,Million Metric Tons of Carbon Dioxide,0.368966,Quadrillon Btu,6.573861,Quadrillion Btu,368.966,Trillion Btu,5.479659,Quadrillion Btu
51,01/04/1977,369.907,Million Metric Tons of Carbon Dioxide,0.351301,Quadrillon Btu,5.979305,Quadrillion Btu,351.301,Trillion Btu,5.162437,Quadrillion Btu
52,01/05/1977,370.199,Million Metric Tons of Carbon Dioxide,0.356923,Quadrillon Btu,5.997456,Quadrillion Btu,356.923,Trillion Btu,5.301077,Quadrillion Btu
53,01/06/1977,376.595,Million Metric Tons of Carbon Dioxide,0.336485,Quadrillon Btu,6.08589,Quadrillion Btu,336.485,Trillion Btu,5.213369,Quadrillion Btu
54,01/07/1977,387.715,Million Metric Tons of Carbon Dioxide,0.336903,Quadrillon Btu,6.195785,Quadrillion Btu,336.903,Trillion Btu,4.989057,Quadrillion Btu
55,01/08/1977,391.245,Million Metric Tons of Carbon Dioxide,0.335881,Quadrillon Btu,6.300623,Quadrillion Btu,335.881,Trillion Btu,5.188426,Quadrillion Btu
56,01/09/1977,377.073,Million Metric Tons of Carbon Dioxide,0.328075,Quadrillon Btu,6.080223,Quadrillion Btu,328.075,Trillion Btu,5.342555,Quadrillion Btu
57,01/10/1977,387.88,Million Metric Tons of Carbon Dioxide,0.341368,Quadrillon Btu,6.272418,Quadrillion Btu,341.368,Trillion Btu,5.416721,Quadrillion Btu
58,01/11/1977,399.895,Million Metric Tons of Carbon Dioxide,0.370168,Quadrillon Btu,6.485295,Quadrillion Btu,370.168,Trillion Btu,5.401081,Quadrillion Btu
59,01/12/1977,458.996,Million Metric Tons of Carbon Dioxide,0.400048,Quadrillon Btu,7.442248,Quadrillion Btu,400.048,Trillion Btu,4.777722,Quadrillion Btu
60,01/01/1978,469.707,Million Metric Tons of Carbon Dioxide,0.438983,Quadrillon Btu,7.721485,Quadrillion Btu,438.983,Trillion Btu,4.637601,Quadrillion Btu
61,01/02/1978,430.266,Million Metric Tons of Carbon Dioxide,0.391866,Quadrillon Btu,7.052381,Quadrillion Btu,391.866,Trillion Btu,4.3068,Quadrillion Btu
62,01/03/1978,422.298,Million Metric Tons of Carbon Dioxide,0.433459,Quadrillon Btu,6.965503,Quadrillion Btu,433.459,Trillion Btu,5.031442,Quadrillion Btu
63,01/04/1978,376.535,Million Metric Tons of Carbon Dioxide,0.434379,Quadrillon Btu,6.169931,Quadrillion Btu,434.379,Trillion Btu,5.332575,Quadrillion Btu
64,01/05/1978,385.68,Million Metric Tons of Carbon Dioxide,0.475883,Quadrillon Btu,6.337994,Quadrillion Btu,475.883,Trillion Btu,5.658523,Quadrillion Btu
65,01/06/1978,374.963,Million Metric Tons of Carbon Dioxide,0.432628,Quadrillon Btu,6.149904,Quadrillion Btu,432.628,Trillion Btu,5.471656,Quadrillion Btu
66,01/07/1978,386.45,Million Metric Tons of Carbon Dioxide,0.431461,Quadrillon Btu,6.34019,Quadrillion Btu,431.461,Trillion Btu,5.337581,Quadrillion Btu
67,01/08/1978,399.67,Million Metric Tons of Carbon Dioxide,0.408417,Quadrillon Btu,6.496081,Quadrillion Btu,408.417,Trillion Btu,5.530277,Quadrillion Btu
68,01/09/1978,374.428,Million Metric Tons of Carbon Dioxide,0.392287,Quadrillon Btu,6.087552,Quadrillion Btu,392.287,Trillion Btu,5.199372,Quadrillion Btu
69,01/10/1978,393.061,Million Metric Tons of Carbon Dioxide,0.379436,Quadrillon Btu,6.425237,Quadrillion Btu,379.436,Trillion Btu,5.590153,Quadrillion Btu
70,01/11/1978,410.36,Million Metric Tons of Carbon Dioxide,0.379078,Quadrillon Btu,6.685469,Quadrillion Btu,379.078,Trillion Btu,5.507736,Quadrillion Btu
71,01/12/1978,460.609,Million Metric Tons of Carbon Dioxide,0.407564,Quadrillon Btu,7.474491,Quadrillion Btu,407.564,Trillion Btu,5.456588,Quadrillion Btu
72,01/01/1979,494.61,Million Metric Tons of Carbon Dioxide,0.447796,Quadrillon Btu,8.092205,Quadrillion Btu,447.796,Trillion Btu,5.492573,Quadrillion Btu
73,01/02/1979,454.419,Million Metric Tons of Carbon Dioxide,0.390487,Quadrillon Btu,7.410205,Quadrillion Btu,390.487,Trillion Btu,5.080815,Quadrillion Btu
74,01/03/1979,435.909,Million Metric Tons of Carbon Dioxide,0.457799,Quadrillon Btu,7.150421,Quadrillion Btu,457.799,Trillion Btu,5.675084,Quadrillion Btu
75,01/04/1979,383.215,Million Metric Tons of Carbon Dioxide,0.445932,Quadrillon Btu,6.28742,Quadrillion Btu,445.932,Trillion Btu,5.416962,Quadrillion Btu
76,01/05/1979,387.9,Million Metric Tons of Carbon Dioxide,0.48908,Quadrillon Btu,6.346644,Quadrillion Btu,489.08,Trillion Btu,5.629804,Quadrillion Btu
77,01/06/1979,378.382,Million Metric Tons of Carbon Dioxide,0.441683,Quadrillon Btu,6.14307,Quadrillion Btu,441.683,Trillion Btu,5.464221,Quadrillion Btu
78,01/07/1979,385.896,Million Metric Tons of Carbon Dioxide,0.424513,Quadrillon Btu,6.276536,Quadrillion Btu,424.513,Trillion Btu,5.175111,Quadrillion Btu
79,01/08/1979,398.588,Million Metric Tons of Carbon Dioxide,0.40921,Quadrillon Btu,6.492996,Quadrillion Btu,409.21,Trillion Btu,5.662156,Quadrillion Btu
80,01/09/1979,370.657,Million Metric Tons of Carbon Dioxide,0.378903,Quadrillon Btu,6.052908,Quadrillion Btu,378.903,Trillion Btu,5.333679,Quadrillion Btu
81,01/10/1979,399.951,Million Metric Tons of Carbon Dioxide,0.397602,Quadrillon Btu,6.54322,Quadrillion Btu,397.602,Trillion Btu,5.804281,Quadrillion Btu
82,01/11/1979,408.19,Million Metric Tons of Carbon Dioxide,0.41474,Quadrillon Btu,6.679042,Quadrillion Btu,414.74,Trillion Btu,5.571737,Quadrillion Btu
83,01/12/1979,452.131,Million Metric Tons of Carbon Dioxide,0.425109,Quadrillon Btu,7.337632,Quadrillion Btu,425.109,Trillion Btu,5.544708,Quadrillion Btu
84,01/01/1980,463.846,Million Metric Tons of Carbon Dioxide,0.478943,Quadrillon Btu,7.565016,Quadrillion Btu,478.943,Trillion Btu,5.808102,Quadrillion Btu
85,01/02/1980,438.273,Million Metric Tons of Carbon Dioxide,0.424298,Quadrillon Btu,7.123145,Quadrillion Btu,424.298,Trillion Btu,5.439163,Quadrillion Btu
86,01/03/1980,427.793,Million Metric Tons of Carbon Dioxide,0.469134,Quadrillon Btu,7.021907,Quadrillion Btu,469.134,Trillion Btu,5.835658,Quadrillion Btu
87,01/04/1980,373.654,Million Metric Tons of Carbon Dioxide,0.477356,Quadrillon Btu,6.158453,Quadrillion Btu,477.356,Trillion Btu,5.591598,Quadrillion Btu
88,01/05/1980,361.096,Million Metric Tons of Carbon Dioxide,0.517456,Quadrillon Btu,6.00737,Quadrillion Btu,517.456,Trillion Btu,5.728859,Quadrillion Btu
89,01/06/1980,355.276,Million Metric Tons of Carbon Dioxide,0.497768,Quadrillon Btu,5.872463,Quadrillion Btu,497.768,Trillion Btu,5.530702,Quadrillion Btu
90,01/07/1980,376.494,Million Metric Tons of Carbon Dioxide,0.471331,Quadrillon Btu,6.135448,Quadrillion Btu,471.331,Trillion Btu,5.388052,Quadrillion Btu
91,01/08/1980,371.735,Million Metric Tons of Carbon Dioxide,0.429358,Quadrillon Btu,6.063599,Quadrillion Btu,429.358,Trillion Btu,5.477215,Quadrillion Btu
92,01/09/1980,363.255,Million Metric Tons of Carbon Dioxide,0.401712,Quadrillon Btu,5.970443,Quadrillion Btu,401.712,Trillion Btu,5.434372,Quadrillion Btu
93,01/10/1980,382.006,Million Metric Tons of Carbon Dioxide,0.402564,Quadrillon Btu,6.31659,Quadrillion Btu,402.564,Trillion Btu,5.632099,Quadrillion Btu
94,01/11/1980,391.412,Million Metric Tons of Carbon Dioxide,0.409876,Quadrillon Btu,6.420238,Quadrillion Btu,409.876,Trillion Btu,5.467152,Quadrillion Btu
95,01/12/1980,451.282,Million Metric Tons of Carbon Dioxide,0.448546,Quadrillon Btu,7.363795,Quadrillion Btu,448.546,Trillion Btu,5.814526,Quadrillion Btu
96,01/01/1981,470.139,Million Metric Tons of Carbon Dioxide,0.462381,Quadrillon Btu,7.639252,Quadrillion Btu,462.381,Trillion Btu,5.657948,Quadrillion Btu
97,01/02/1981,396.738,Million Metric Tons of Carbon Dioxide,0.427043,Quadrillon Btu,6.484509,Quadrillion Btu,427.043,Trillion Btu,5.37611,Quadrillion Btu
98,01/03/1981,401.675,Million Metric Tons of Carbon Dioxide,0.443808,Quadrillon Btu,6.60621,Quadrillion Btu,443.808,Trillion Btu,5.88842,Quadrillion Btu
99,01/04/1981,356.392,Million Metric Tons of Carbon Dioxide,0.43802,Quadrillon Btu,5.875206,Quadrillion Btu,438.02,Trillion Btu,4.800945,Quadrillion Btu
100,01/05/1981,357.33,Million Metric Tons of Carbon Dioxide,0.480423,Quadrillon Btu,5.93955,Quadrillion Btu,480.423,Trillion Btu,4.943181,Quadrillion Btu
101,01/06/1981,363.174,Million Metric Tons of Carbon Dioxide,0.496995,Quadrillon Btu,5.995702,Quadrillion Btu,496.995,Trillion Btu,5.402967,Quadrillion Btu
102,01/07/1981,380.573,Million Metric Tons of Carbon Dioxide,0.491304,Quadrillon Btu,6.208435,Quadrillion Btu,491.304,Trillion Btu,5.752973,Quadrillion Btu
103,01/08/1981,372.829,Million Metric Tons of Carbon Dioxide,0.454028,Quadrillon Btu,6.112916,Quadrillion Btu,454.028,Trillion Btu,5.928355,Quadrillion Btu
104,01/09/1981,356.176,Million Metric Tons of Carbon Dioxide,0.40722,Quadrillon Btu,5.820751,Quadrillion Btu,407.22,Trillion Btu,5.740055,Quadrillion Btu
105,01/10/1981,375.812,Million Metric Tons of Carbon Dioxide,0.416966,Quadrillon Btu,6.144075,Quadrillion Btu,416.966,Trillion Btu,5.897764,Quadrillion Btu
106,01/11/1981,374.12,Million Metric Tons of Carbon Dioxide,0.418476,Quadrillon Btu,6.13831,Quadrillion Btu,418.476,Trillion Btu,5.623842,Quadrillion Btu
107,01/12/1981,431.456,Million Metric Tons of Carbon Dioxide,0.477024,Quadrillon Btu,7.088566,Quadrillion Btu,477.024,Trillion Btu,5.896682,Quadrillion Btu
108,01/01/1982,453.138,Million Metric Tons of Carbon Dioxide,0.51444,Quadrillon Btu,7.448166,Quadrillion Btu,514.44,Trillion Btu,5.717164,Quadrillion Btu
109,01/02/1982,393.919,Million Metric Tons of Carbon Dioxide,0.489624,Quadrillon Btu,6.471248,Quadrillion Btu,489.624,Trillion Btu,5.441978,Quadrillion Btu
110,01/03/1982,393.056,Million Metric Tons of Carbon Dioxide,0.544724,Quadrillon Btu,6.544007,Quadrillion Btu,544.724,Trillion Btu,6.064058,Quadrillion Btu
111,01/04/1982,363.779,Million Metric Tons of Carbon Dioxide,0.517128,Quadrillon Btu,6.040586,Quadrillion Btu,517.128,Trillion Btu,5.62896,Quadrillion Btu
112,01/05/1982,337.326,Million Metric Tons of Carbon Dioxide,0.525795,Quadrillon Btu,5.602379,Quadrillion Btu,525.795,Trillion Btu,5.622018,Quadrillion Btu
113,01/06/1982,332.924,Million Metric Tons of Carbon Dioxide,0.518974,Quadrillon Btu,5.572673,Quadrillion Btu,518.974,Trillion Btu,5.54507,Quadrillion Btu
114,01/07/1982,351.736,Million Metric Tons of Carbon Dioxide,0.519267,Quadrillon Btu,5.835852,Quadrillion Btu,519.267,Trillion Btu,5.39141,Quadrillion Btu
115,01/08/1982,353.113,Million Metric Tons of Carbon Dioxide,0.483203,Quadrillon Btu,5.818627,Quadrillion Btu,483.203,Trillion Btu,5.589074,Quadrillion Btu
116,01/09/1982,334.095,Million Metric Tons of Carbon Dioxide,0.433748,Quadrillon Btu,5.549273,Quadrillion Btu,433.748,Trillion Btu,5.328563,Quadrillion Btu
117,01/10/1982,343.768,Million Metric Tons of Carbon Dioxide,0.439874,Quadrillon Btu,5.726507,Quadrillion Btu,439.874,Trillion Btu,5.461999,Quadrillion Btu
118,01/11/1982,359.2,Million Metric Tons of Carbon Dioxide,0.46993,Quadrillon Btu,5.978943,Quadrillion Btu,469.93,Trillion Btu,5.308096,Quadrillion Btu
119,01/12/1982,388.392,Million Metric Tons of Carbon Dioxide,0.52293,Quadrillon Btu,6.458452,Quadrillion Btu,522.93,Trillion Btu,5.428255,Quadrillion Btu
120,01/01/1983,410.977,Million Metric Tons of Carbon Dioxide,0.562279,Quadrillon Btu,6.907502,Quadrillion Btu,562.279,Trillion Btu,5.538015,Quadrillion Btu
121,01/02/1983,359.932,Million Metric Tons of Carbon Dioxide,0.523276,Quadrillon Btu,6.065647,Quadrillion Btu,523.276,Trillion Btu,5.05439,Quadrillion Btu
122,01/03/1983,381.898,Million Metric Tons of Carbon Dioxide,0.572853,Quadrillon Btu,6.431871,Quadrillion Btu,572.853,Trillion Btu,5.498964,Quadrillion Btu
123,01/04/1983,347.691,Million Metric Tons of Carbon Dioxide,0.561458,Quadrillon Btu,5.869679,Quadrillion Btu,561.458,Trillion Btu,5.23994,Quadrillion Btu
124,01/05/1983,336.789,Million Metric Tons of Carbon Dioxide,0.581741,Quadrillon Btu,5.692724,Quadrillion Btu,581.741,Trillion Btu,5.313155,Quadrillion Btu
125,01/06/1983,337.938,Million Metric Tons of Carbon Dioxide,0.569493,Quadrillon Btu,5.677988,Quadrillion Btu,569.493,Trillion Btu,5.203508,Quadrillion Btu
126,01/07/1983,361.486,Million Metric Tons of Carbon Dioxide,0.550993,Quadrillon Btu,5.941322,Quadrillion Btu,550.993,Trillion Btu,5.155909,Quadrillion Btu
127,01/08/1983,375.342,Million Metric Tons of Carbon Dioxide,0.528288,Quadrillon Btu,6.128631,Quadrillion Btu,528.288,Trillion Btu,5.524655,Quadrillion Btu
128,01/09/1983,346.636,Million Metric Tons of Carbon Dioxide,0.476173,Quadrillon Btu,5.699808,Quadrillion Btu,476.173,Trillion Btu,5.295724,Quadrillion Btu
129,01/10/1983,346.226,Million Metric Tons of Carbon Dioxide,0.474251,Quadrillon Btu,5.701452,Quadrillion Btu,474.251,Trillion Btu,5.454585,Quadrillion Btu
130,01/11/1983,359.891,Million Metric Tons of Carbon Dioxide,0.507035,Quadrillon Btu,5.935601,Quadrillion Btu,507.035,Trillion Btu,5.354621,Quadrillion Btu
131,01/12/1983,419.136,Million Metric Tons of Carbon Dioxide,0.587773,Quadrillon Btu,6.863357,Quadrillion Btu,587.773,Trillion Btu,5.432865,Quadrillion Btu
132,01/01/1984,461.982,Million Metric Tons of Carbon Dioxide,0.570081,Quadrillon Btu,7.654075,Quadrillion Btu,570.081,Trillion Btu,5.862227,Quadrillion Btu
133,01/02/1984,394.517,Million Metric Tons of Carbon Dioxide,0.535239,Quadrillon Btu,6.623097,Quadrillion Btu,535.239,Trillion Btu,5.613797,Quadrillion Btu
134,01/03/1984,411.445,Million Metric Tons of Carbon Dioxide,0.57904,Quadrillon Btu,6.858673,Quadrillion Btu,579.04,Trillion Btu,5.935904,Quadrillion Btu
135,01/04/1984,374.011,Million Metric Tons of Carbon Dioxide,0.566019,Quadrillon Btu,6.270456,Quadrillion Btu,566.019,Trillion Btu,5.642434,Quadrillion Btu
136,01/05/1984,365.965,Million Metric Tons of Carbon Dioxide,0.593504,Quadrillon Btu,6.170762,Quadrillion Btu,593.504,Trillion Btu,5.940699,Quadrillion Btu
137,01/06/1984,362.688,Million Metric Tons of Carbon Dioxide,0.553321,Quadrillon Btu,6.026485,Quadrillion Btu,553.321,Trillion Btu,5.668685,Quadrillion Btu
138,01/07/1984,371.365,Million Metric Tons of Carbon Dioxide,0.547618,Quadrillon Btu,6.155513,Quadrillion Btu,547.618,Trillion Btu,5.778721,Quadrillion Btu
139,01/08/1984,384.132,Million Metric Tons of Carbon Dioxide,0.524053,Quadrillon Btu,6.323114,Quadrillion Btu,524.053,Trillion Btu,6.086219,Quadrillion Btu
140,01/09/1984,347.688,Million Metric Tons of Carbon Dioxide,0.47091,Quadrillon Btu,5.761176,Quadrillion Btu,470.91,Trillion Btu,5.67677,Quadrillion Btu
141,01/10/1984,363.325,Million Metric Tons of Carbon Dioxide,0.47962,Quadrillon Btu,5.960973,Quadrillion Btu,479.62,Trillion Btu,5.548527,Quadrillion Btu
142,01/11/1984,373.221,Million Metric Tons of Carbon Dioxide,0.48611,Quadrillon Btu,6.100793,Quadrillion Btu,486.11,Trillion Btu,5.389197,Quadrillion Btu
143,01/12/1984,402.536,Million Metric Tons of Carbon Dioxide,0.532347,Quadrillon Btu,6.666436,Quadrillion Btu,532.347,Trillion Btu,5.656405,Quadrillion Btu
144,01/01/1985,444.854,Million Metric Tons of Carbon Dioxide,0.555205,Quadrillon Btu,7.377254,Quadrillion Btu,555.205,Trillion Btu,5.808399,Quadrillion Btu
145,01/02/1985,411.498,Million Metric Tons of Carbon Dioxide,0.511838,Quadrillon Btu,6.880264,Quadrillion Btu,511.838,Trillion Btu,5.412689,Quadrillion Btu
146,01/03/1985,394.696,Million Metric Tons of Carbon Dioxide,0.525002,Quadrillon Btu,6.577553,Quadrillion Btu,525.002,Trillion Btu,5.840459,Quadrillion Btu
147,01/04/1985,367.994,Million Metric Tons of Carbon Dioxide,0.512937,Quadrillon Btu,6.10613,Quadrillion Btu,512.937,Trillion Btu,5.599237,Quadrillion Btu
148,01/05/1985,361.573,Million Metric Tons of Carbon Dioxide,0.542968,Quadrillon Btu,6.005352,Quadrillion Btu,542.968,Trillion Btu,5.754526,Quadrillion Btu
149,01/06/1985,353.778,Million Metric Tons of Carbon Dioxide,0.50733,Quadrillon Btu,5.88048,Quadrillion Btu,507.33,Trillion Btu,5.504928,Quadrillion Btu
150,01/07/1985,374.455,Million Metric Tons of Carbon Dioxide,0.489577,Quadrillon Btu,6.187443,Quadrillion Btu,489.577,Trillion Btu,5.519414,Quadrillion Btu
151,01/08/1985,380.667,Million Metric Tons of Carbon Dioxide,0.475912,Quadrillon Btu,6.256987,Quadrillion Btu,475.912,Trillion Btu,5.702836,Quadrillion Btu
152,01/09/1985,345.792,Million Metric Tons of Carbon Dioxide,0.454274,Quadrillon Btu,5.759,Quadrillion Btu,454.274,Trillion Btu,5.494752,Quadrillion Btu
153,01/10/1985,364.384,Million Metric Tons of Carbon Dioxide,0.475406,Quadrillon Btu,6.026246,Quadrillion Btu,475.406,Trillion Btu,5.736249,Quadrillion Btu
154,01/11/1985,366.589,Million Metric Tons of Carbon Dioxide,0.499606,Quadrillon Btu,6.059118,Quadrillion Btu,499.606,Trillion Btu,5.451384,Quadrillion Btu
155,01/12/1985,439.075,Million Metric Tons of Carbon Dioxide,0.53396,Quadrillon Btu,7.219105,Quadrillion Btu,533.96,Trillion Btu,5.836425,Quadrillion Btu
156,01/01/1986,449.847,Million Metric Tons of Carbon Dioxide,0.486064,Quadrillon Btu,7.395548,Quadrillion Btu,486.064,Trillion Btu,6.012402,Quadrillion Btu
157,01/02/1986,399.896,Million Metric Tons of Carbon Dioxide,0.479122,Quadrillon Btu,6.620399,Quadrillion Btu,479.122,Trillion Btu,5.460015,Quadrillion Btu
158,01/03/1986,407.06,Million Metric Tons of Carbon Dioxide,0.558538,Quadrillon Btu,6.775964,Quadrillion Btu,558.538,Trillion Btu,5.850002,Quadrillion Btu
159,01/04/1986,363.838,Million Metric Tons of Carbon Dioxide,0.539897,Quadrillon Btu,6.109551,Quadrillion Btu,539.897,Trillion Btu,5.526781,Quadrillion Btu
160,01/05/1986,363.54,Million Metric Tons of Carbon Dioxide,0.545072,Quadrillon Btu,6.099383,Quadrillion Btu,545.072,Trillion Btu,5.588407,Quadrillion Btu
161,01/06/1986,363.858,Million Metric Tons of Carbon Dioxide,0.527412,Quadrillon Btu,6.015826,Quadrillion Btu,527.412,Trillion Btu,5.396746,Quadrillion Btu
162,01/07/1986,387.586,Million Metric Tons of Carbon Dioxide,0.513292,Quadrillon Btu,6.354208,Quadrillion Btu,513.292,Trillion Btu,5.429051,Quadrillion Btu
163,01/08/1986,377.2,Million Metric Tons of Carbon Dioxide,0.482847,Quadrillon Btu,6.223701,Quadrillion Btu,482.847,Trillion Btu,5.547289,Quadrillion Btu
164,01/09/1986,348.993,Million Metric Tons of Carbon Dioxide,0.472114,Quadrillon Btu,5.818638,Quadrillion Btu,472.114,Trillion Btu,5.37061,Quadrillion Btu
165,01/10/1986,361.669,Million Metric Tons of Carbon Dioxide,0.482113,Quadrillon Btu,6.039911,Quadrillion Btu,482.113,Trillion Btu,5.633734,Quadrillion Btu
166,01/11/1986,368.296,Million Metric Tons of Carbon Dioxide,0.492321,Quadrillon Btu,6.119265,Quadrillion Btu,492.321,Trillion Btu,5.45374,Quadrillion Btu
167,01/12/1986,423.879,Million Metric Tons of Carbon Dioxide,0.532346,Quadrillon Btu,7.027262,Quadrillion Btu,532.346,Trillion Btu,5.761479,Quadrillion Btu
168,01/01/1987,448.341,Million Metric Tons of Carbon Dioxide,0.521265,Quadrillon Btu,7.472334,Quadrillion Btu,521.265,Trillion Btu,5.870465,Quadrillion Btu
169,01/02/1987,402.627,Million Metric Tons of Carbon Dioxide,0.452878,Quadrillon Btu,6.729068,Quadrillion Btu,452.878,Trillion Btu,5.363363,Quadrillion Btu
170,01/03/1987,403.41,Million Metric Tons of Carbon Dioxide,0.498782,Quadrillon Btu,6.767036,Quadrillion Btu,498.782,Trillion Btu,5.764016,Quadrillion Btu
171,01/04/1987,378.647,Million Metric Tons of Carbon Dioxide,0.477656,Quadrillon Btu,6.313868,Quadrillion Btu,477.656,Trillion Btu,5.445351,Quadrillion Btu
172,01/05/1987,372.334,Million Metric Tons of Carbon Dioxide,0.509032,Quadrillon Btu,6.199256,Quadrillion Btu,509.032,Trillion Btu,5.487331,Quadrillion Btu
173,01/06/1987,381.889,Million Metric Tons of Carbon Dioxide,0.466873,Quadrillon Btu,6.280222,Quadrillion Btu,466.873,Trillion Btu,5.484367,Quadrillion Btu
174,01/07/1987,406.176,Million Metric Tons of Carbon Dioxide,0.467691,Quadrillon Btu,6.626659,Quadrillion Btu,467.691,Trillion Btu,5.429708,Quadrillion Btu
175,01/08/1987,399.224,Million Metric Tons of Carbon Dioxide,0.448986,Quadrillon Btu,6.514555,Quadrillion Btu,448.986,Trillion Btu,5.679521,Quadrillion Btu
176,01/09/1987,369.47,Million Metric Tons of Carbon Dioxide,0.437201,Quadrillon Btu,6.123881,Quadrillion Btu,437.201,Trillion Btu,5.572598,Quadrillion Btu
177,01/10/1987,386.11,Million Metric Tons of Carbon Dioxide,0.442655,Quadrillon Btu,6.362769,Quadrillion Btu,442.655,Trillion Btu,5.820707,Quadrillion Btu
178,01/11/1987,384.997,Million Metric Tons of Carbon Dioxide,0.423208,Quadrillon Btu,6.342057,Quadrillion Btu,423.208,Trillion Btu,5.660598,Quadrillion Btu
179,01/12/1987,442.326,Million Metric Tons of Carbon Dioxide,0.47558,Quadrillon Btu,7.277377,Quadrillion Btu,475.58,Trillion Btu,5.92836,Quadrillion Btu
180,01/01/1988,472.666,Million Metric Tons of Carbon Dioxide,0.495132,Quadrillon Btu,7.800316,Quadrillion Btu,495.132,Trillion Btu,5.918824,Quadrillion Btu
181,01/02/1988,441.612,Million Metric Tons of Carbon Dioxide,0.446663,Quadrillon Btu,7.308187,Quadrillion Btu,446.663,Trillion Btu,5.646934,Quadrillion Btu
182,01/03/1988,438.675,Million Metric Tons of Carbon Dioxide,0.469098,Quadrillon Btu,7.296746,Quadrillion Btu,469.098,Trillion Btu,6.021131,Quadrillion Btu
183,01/04/1988,386.98,Million Metric Tons of Carbon Dioxide,0.455993,Quadrillon Btu,6.449806,Quadrillion Btu,455.993,Trillion Btu,5.575924,Quadrillion Btu
184,01/05/1988,380.929,Million Metric Tons of Carbon Dioxide,0.486212,Quadrillon Btu,6.390836,Quadrillion Btu,486.212,Trillion Btu,5.661535,Quadrillion Btu
185,01/06/1988,392.77,Million Metric Tons of Carbon Dioxide,0.453891,Quadrillon Btu,6.507738,Quadrillion Btu,453.891,Trillion Btu,5.581993,Quadrillion Btu
186,01/07/1988,409.709,Million Metric Tons of Carbon Dioxide,0.442602,Quadrillon Btu,6.74603,Quadrillion Btu,442.602,Trillion Btu,5.52114,Quadrillion Btu
187,01/08/1988,426.483,Million Metric Tons of Carbon Dioxide,0.437214,Quadrillon Btu,6.988178,Quadrillion Btu,437.214,Trillion Btu,5.951295,Quadrillion Btu
188,01/09/1988,380.193,Million Metric Tons of Carbon Dioxide,0.426312,Quadrillon Btu,6.340877,Quadrillion Btu,426.312,Trillion Btu,5.63778,Quadrillion Btu
189,01/10/1988,399.556,Million Metric Tons of Carbon Dioxide,0.422602,Quadrillon Btu,6.586707,Quadrillion Btu,422.602,Trillion Btu,5.739237,Quadrillion Btu
190,01/11/1988,407.352,Million Metric Tons of Carbon Dioxide,0.448903,Quadrillon Btu,6.704226,Quadrillion Btu,448.903,Trillion Btu,5.753552,Quadrillion Btu
191,01/12/1988,461.289,Million Metric Tons of Carbon Dioxide,0.472132,Quadrillon Btu,7.54036,Quadrillion Btu,472.132,Trillion Btu,5.880234,Quadrillion Btu
192,01/01/1989,460.858,Million Metric Tons of Carbon Dioxide,0.509148,Quadrillon Btu,7.638756,Quadrillion Btu,509.148,Trillion Btu,5.998696,Quadrillion Btu
193,01/02/1989,439.67,Million Metric Tons of Carbon Dioxide,0.461436,Quadrillon Btu,7.229611,Quadrillion Btu,461.436,Trillion Btu,5.412511,Quadrillion Btu
194,01/03/1989,454.284,Million Metric Tons of Carbon Dioxide,0.532717,Quadrillon Btu,7.541181,Quadrillion Btu,532.717,Trillion Btu,6.006266,Quadrillion Btu
195,01/04/1989,400.259,Million Metric Tons of Carbon Dioxide,0.530099,Quadrillon Btu,6.660424,Quadrillion Btu,530.099,Trillion Btu,5.590869,Quadrillion Btu
196,01/05/1989,395.467,Million Metric Tons of Carbon Dioxide,0.562702,Quadrillon Btu,6.635392,Quadrillion Btu,562.702,Trillion Btu,5.863269,Quadrillion Btu
197,01/06/1989,400.509,Million Metric Tons of Carbon Dioxide,0.546138,Quadrillon Btu,6.693826,Quadrillion Btu,546.138,Trillion Btu,5.650625,Quadrillion Btu
198,01/07/1989,408.009,Million Metric Tons of Carbon Dioxide,0.525099,Quadrillon Btu,6.856063,Quadrillion Btu,525.099,Trillion Btu,5.512605,Quadrillion Btu
199,01/08/1989,417.766,Million Metric Tons of Carbon Dioxide,0.513156,Quadrillon Btu,7.028181,Quadrillion Btu,513.156,Trillion Btu,6.070146,Quadrillion Btu
200,01/09/1989,386.781,Million Metric Tons of Carbon Dioxide,0.487951,Quadrillon Btu,6.480979,Quadrillion Btu,487.951,Trillion Btu,5.680563,Quadrillion Btu
201,01/10/1989,404.684,Million Metric Tons of Carbon Dioxide,0.511061,Quadrillon Btu,6.790635,Quadrillion Btu,511.061,Trillion Btu,5.89354,Quadrillion Btu
202,01/11/1989,415.707,Million Metric Tons of Carbon Dioxide,0.521326,Quadrillon Btu,6.940305,Quadrillion Btu,521.326,Trillion Btu,5.871475,Quadrillion Btu
203,01/12/1989,500.568,Million Metric Tons of Carbon Dioxide,0.533842,Quadrillon Btu,8.24546,Quadrillion Btu,533.842,Trillion Btu,5.733972,Quadrillion Btu
204,01/01/1990,464.451,Million Metric Tons of Carbon Dioxide,0.511273,Quadrillon Btu,7.809232,Quadrillion Btu,511.273,Trillion Btu,6.273824,Quadrillion Btu
205,01/02/1990,414.102,Million Metric Tons of Carbon Dioxide,0.508362,Quadrillon Btu,7.003711,Quadrillion Btu,508.362,Trillion Btu,5.694481,Quadrillion Btu
206,01/03/1990,433.438,Million Metric Tons of Carbon Dioxide,0.567936,Quadrillon Btu,7.305266,Quadrillion Btu,567.936,Trillion Btu,6.143921,Quadrillion Btu
207,01/04/1990,403.794,Million Metric Tons of Carbon Dioxide,0.530432,Quadrillon Btu,6.76783,Quadrillion Btu,530.432,Trillion Btu,5.703131,Quadrillion Btu
208,01/05/1990,400.998,Million Metric Tons of Carbon Dioxide,0.525675,Quadrillon Btu,6.746036,Quadrillion Btu,525.675,Trillion Btu,5.87071,Quadrillion Btu
209,01/06/1990,404.962,Million Metric Tons of Carbon Dioxide,0.503364,Quadrillon Btu,6.756044,Quadrillion Btu,503.364,Trillion Btu,5.709,Quadrillion Btu
210,01/07/1990,419.466,Million Metric Tons of Carbon Dioxide,0.499497,Quadrillon Btu,7.032232,Quadrillion Btu,499.497,Trillion Btu,5.764705,Quadrillion Btu
211,01/08/1990,434.74,Million Metric Tons of Carbon Dioxide,0.497457,Quadrillon Btu,7.279164,Quadrillion Btu,497.457,Trillion Btu,6.084561,Quadrillion Btu
212,01/09/1990,395.484,Million Metric Tons of Carbon Dioxide,0.447351,Quadrillon Btu,6.613366,Quadrillion Btu,447.351,Trillion Btu,5.647341,Quadrillion Btu
213,01/10/1990,410.109,Million Metric Tons of Carbon Dioxide,0.460201,Quadrillon Btu,6.807,Quadrillion Btu,460.201,Trillion Btu,6.069747,Quadrillion Btu
214,01/11/1990,405.726,Million Metric Tons of Carbon Dioxide,0.459567,Quadrillon Btu,6.771697,Quadrillion Btu,459.567,Trillion Btu,5.863706,Quadrillion Btu
215,01/12/1990,450.633,Million Metric Tons of Carbon Dioxide,0.528928,Quadrillon Btu,7.542281,Quadrillion Btu,528.928,Trillion Btu,5.842452,Quadrillion Btu
216,01/01/1991,476.647,Million Metric Tons of Carbon Dioxide,0.569478,Quadrillon Btu,8.073921,Quadrillion Btu,569.478,Trillion Btu,6.21123,Quadrillion Btu
217,01/02/1991,405.506,Million Metric Tons of Carbon Dioxide,0.465118,Quadrillon Btu,6.862154,Quadrillion Btu,465.118,Trillion Btu,5.647315,Quadrillion Btu
218,01/03/1991,421.68,Million Metric Tons of Carbon Dioxide,0.51911,Quadrillon Btu,7.139161,Quadrillion Btu,519.11,Trillion Btu,6.022465,Quadrillion Btu
219,01/04/1991,387.67,Million Metric Tons of Carbon Dioxide,0.492914,Quadrillon Btu,6.536529,Quadrillion Btu,492.914,Trillion Btu,5.658388,Quadrillion Btu
220,01/05/1991,392.195,Million Metric Tons of Carbon Dioxide,0.540591,Quadrillon Btu,6.654746,Quadrillion Btu,540.591,Trillion Btu,5.793784,Quadrillion Btu
221,01/06/1991,393.791,Million Metric Tons of Carbon Dioxide,0.51364,Quadrillon Btu,6.697966,Quadrillion Btu,513.64,Trillion Btu,5.642071,Quadrillion Btu
222,01/07/1991,418.436,Million Metric Tons of Carbon Dioxide,0.499537,Quadrillon Btu,7.098775,Quadrillion Btu,499.537,Trillion Btu,5.827921,Quadrillion Btu
223,01/08/1991,420.612,Million Metric Tons of Carbon Dioxide,0.512231,Quadrillon Btu,7.112442,Quadrillion Btu,512.231,Trillion Btu,6.016608,Quadrillion Btu
224,01/09/1991,392.147,Million Metric Tons of Carbon Dioxide,0.491724,Quadrillon Btu,6.657677,Quadrillion Btu,491.724,Trillion Btu,5.720245,Quadrillion Btu
225,01/10/1991,408.528,Million Metric Tons of Carbon Dioxide,0.467137,Quadrillon Btu,6.858583,Quadrillion Btu,467.137,Trillion Btu,6.026454,Quadrillion Btu
226,01/11/1991,420.122,Million Metric Tons of Carbon Dioxide,0.467744,Quadrillon Btu,7.006253,Quadrillion Btu,467.744,Trillion Btu,5.777709,Quadrillion Btu
227,01/12/1991,455.357,Million Metric Tons of Carbon Dioxide,0.528582,Quadrillon Btu,7.683275,Quadrillion Btu,528.582,Trillion Btu,5.976898,Quadrillion Btu
228,01/01/1992,471.149,Million Metric Tons of Carbon Dioxide,0.535607,Quadrillon Btu,7.983359,Quadrillion Btu,535.607,Trillion Btu,6.206219,Quadrillion Btu
229,01/02/1992,427.591,Million Metric Tons of Carbon Dioxide,0.449195,Quadrillon Btu,7.243264,Quadrillion Btu,449.195,Trillion Btu,5.655065,Quadrillion Btu
230,01/03/1992,441.684,Million Metric Tons of Carbon Dioxide,0.482785,Quadrillon Btu,7.348605,Quadrillion Btu,482.785,Trillion Btu,5.866839,Quadrillion Btu
231,01/04/1992,410.597,Million Metric Tons of Carbon Dioxide,0.445956,Quadrillon Btu,6.841699,Quadrillion Btu,445.956,Trillion Btu,5.63073,Quadrillion Btu
232,01/05/1992,400.342,Million Metric Tons of Carbon Dioxide,0.45524,Quadrillon Btu,6.698116,Quadrillion Btu,455.24,Trillion Btu,5.692589,Quadrillion Btu
233,01/06/1992,395.6,Million Metric Tons of Carbon Dioxide,0.497883,Quadrillon Btu,6.715212,Quadrillion Btu,497.883,Trillion Btu,5.700253,Quadrillion Btu
234,01/07/1992,428.437,Million Metric Tons of Carbon Dioxide,0.486979,Quadrillon Btu,7.159829,Quadrillion Btu,486.979,Trillion Btu,5.84606,Quadrillion Btu
235,01/08/1992,416.085,Million Metric Tons of Carbon Dioxide,0.491443,Quadrillon Btu,7.029232,Quadrillion Btu,491.443,Trillion Btu,5.873675,Quadrillion Btu
236,01/09/1992,397.753,Million Metric Tons of Carbon Dioxide,0.458264,Quadrillon Btu,6.682171,Quadrillion Btu,458.264,Trillion Btu,5.700783,Quadrillion Btu
237,01/10/1992,411.714,Million Metric Tons of Carbon Dioxide,0.472681,Quadrillon Btu,6.901629,Quadrillion Btu,472.681,Trillion Btu,5.920799,Quadrillion Btu
238,01/11/1992,417.945,Million Metric Tons of Carbon Dioxide,0.498632,Quadrillon Btu,7.078629,Quadrillion Btu,498.632,Trillion Btu,5.754737,Quadrillion Btu
239,01/12/1992,474.989,Million Metric Tons of Carbon Dioxide,0.545914,Quadrillon Btu,8.044434,Quadrillion Btu,545.914,Trillion Btu,6.066717,Quadrillion Btu
240,01/01/1993,462.047,Million Metric Tons of Carbon Dioxide,0.563875,Quadrillon Btu,7.906824,Quadrillion Btu,564.645,Trillion Btu,5.99286,Quadrillion Btu
241,01/02/1993,439.113,Million Metric Tons of Carbon Dioxide,0.47773,Quadrillon Btu,7.419792,Quadrillion Btu,477.338,Trillion Btu,5.433772,Quadrillion Btu
242,01/03/1993,465.109,Million Metric Tons of Carbon Dioxide,0.543537,Quadrillon Btu,7.811624,Quadrillion Btu,543.315,Trillion Btu,5.925294,Quadrillion Btu
243,01/04/1993,408.353,Million Metric Tons of Carbon Dioxide,0.526705,Quadrillon Btu,6.902829,Quadrillion Btu,527.479,Trillion Btu,5.590426,Quadrillion Btu
244,01/05/1993,390.203,Million Metric Tons of Carbon Dioxide,0.536102,Quadrillon Btu,6.645601,Quadrillion Btu,537.105,Trillion Btu,5.6184,Quadrillion Btu
245,01/06/1993,405.185,Million Metric Tons of Carbon Dioxide,0.506208,Quadrillon Btu,6.843169,Quadrillion Btu,506.69,Trillion Btu,5.662572,Quadrillion Btu
246,01/07/1993,437.684,Million Metric Tons of Carbon Dioxide,0.491496,Quadrillon Btu,7.307749,Quadrillion Btu,491.687,Trillion Btu,5.529215,Quadrillion Btu
247,01/08/1993,438.284,Million Metric Tons of Carbon Dioxide,0.501478,Quadrillon Btu,7.33322,Quadrillion Btu,502.293,Trillion Btu,5.685507,Quadrillion Btu
248,01/09/1993,406.492,Million Metric Tons of Carbon Dioxide,0.462236,Quadrillon Btu,6.815065,Quadrillion Btu,461.702,Trillion Btu,5.573839,Quadrillion Btu
249,01/10/1993,417.658,Million Metric Tons of Carbon Dioxide,0.468918,Quadrillon Btu,6.983065,Quadrillion Btu,468.762,Trillion Btu,5.703153,Quadrillion Btu
250,01/11/1993,434.69,Million Metric Tons of Carbon Dioxide,0.483799,Quadrillon Btu,7.280569,Quadrillion Btu,482.151,Trillion Btu,5.669725,Quadrillion Btu
251,01/12/1993,480.707,Million Metric Tons of Carbon Dioxide,0.519576,Quadrillon Btu,8.017696,Quadrillion Btu,518.768,Trillion Btu,5.88794,Quadrillion Btu
252,01/01/1994,509.348,Million Metric Tons of Carbon Dioxide,0.546993,Quadrillon Btu,8.584502,Quadrillion Btu,546.056,Trillion Btu,5.865757,Quadrillion Btu
253,01/02/1994,460.794,Million Metric Tons of Carbon Dioxide,0.475202,Quadrillon Btu,7.742177,Quadrillion Btu,474.599,Trillion Btu,5.511965,Quadrillion Btu
254,01/03/1994,452.916,Million Metric Tons of Carbon Dioxide,0.530782,Quadrillon Btu,7.663461,Quadrillion Btu,530.494,Trillion Btu,6.182232,Quadrillion Btu
255,01/04/1994,413.597,Million Metric Tons of Carbon Dioxide,0.516489,Quadrillon Btu,6.979179,Quadrillion Btu,515.827,Trillion Btu,5.775217,Quadrillion Btu
256,01/05/1994,408.466,Million Metric Tons of Carbon Dioxide,0.494387,Quadrillon Btu,6.886157,Quadrillion Btu,494.55,Trillion Btu,5.811302,Quadrillion Btu
257,01/06/1994,428.058,Million Metric Tons of Carbon Dioxide,0.496831,Quadrillon Btu,7.161985,Quadrillion Btu,497.434,Trillion Btu,5.80611,Quadrillion Btu
258,01/07/1994,435.256,Million Metric Tons of Carbon Dioxide,0.537967,Quadrillon Btu,7.390644,Quadrillion Btu,538.3,Trillion Btu,5.818984,Quadrillion Btu
259,01/08/1994,442.645,Million Metric Tons of Carbon Dioxide,0.484579,Quadrillon Btu,7.472473,Quadrillion Btu,484.336,Trillion Btu,6.145612,Quadrillion Btu
260,01/09/1994,406.305,Million Metric Tons of Carbon Dioxide,0.430613,Quadrillon Btu,6.881237,Quadrillion Btu,433.627,Trillion Btu,5.815582,Quadrillion Btu
261,01/10/1994,417.601,Million Metric Tons of Carbon Dioxide,0.477805,Quadrillon Btu,7.070616,Quadrillion Btu,476.303,Trillion Btu,5.846362,Quadrillion Btu
262,01/11/1994,417.717,Million Metric Tons of Carbon Dioxide,0.482586,Quadrillon Btu,7.148136,Quadrillion Btu,482.932,Trillion Btu,5.92877,Quadrillion Btu
263,01/12/1994,469.964,Million Metric Tons of Carbon Dioxide,0.512938,Quadrillon Btu,8.004003,Quadrillion Btu,512.713,Trillion Btu,6.175198,Quadrillion Btu
264,01/01/1995,480.756,Million Metric Tons of Carbon Dioxide,0.515418,Quadrillon Btu,8.22088,Quadrillion Btu,516.507,Trillion Btu,6.135868,Quadrillion Btu
265,01/02/1995,447.55,Million Metric Tons of Carbon Dioxide,0.47766,Quadrillon Btu,7.595771,Quadrillion Btu,478.624,Trillion Btu,5.584872,Quadrillion Btu
266,01/03/1995,454.171,Million Metric Tons of Carbon Dioxide,0.550611,Quadrillon Btu,7.74118,Quadrillion Btu,550.41,Trillion Btu,6.116993,Quadrillion Btu
267,01/04/1995,412.669,Million Metric Tons of Carbon Dioxide,0.536248,Quadrillon Btu,7.105608,Quadrillion Btu,536.529,Trillion Btu,5.701056,Quadrillion Btu
268,01/05/1995,415.652,Million Metric Tons of Carbon Dioxide,0.532012,Quadrillon Btu,7.150668,Quadrillion Btu,533.624,Trillion Btu,5.913115,Quadrillion Btu
269,01/06/1995,422.217,Million Metric Tons of Carbon Dioxide,0.561172,Quadrillon Btu,7.231937,Quadrillion Btu,560.149,Trillion Btu,5.861466,Quadrillion Btu
270,01/07/1995,445.179,Million Metric Tons of Carbon Dioxide,0.600268,Quadrillon Btu,7.626033,Quadrillion Btu,601.28,Trillion Btu,5.936475,Quadrillion Btu
271,01/08/1995,465.876,Million Metric Tons of Carbon Dioxide,0.580333,Quadrillon Btu,7.917379,Quadrillion Btu,582.286,Trillion Btu,6.083955,Quadrillion Btu
272,01/09/1995,419.881,Million Metric Tons of Carbon Dioxide,0.499538,Quadrillon Btu,7.135606,Quadrillion Btu,499.496,Trillion Btu,5.851342,Quadrillion Btu
273,01/10/1995,421.223,Million Metric Tons of Carbon Dioxide,0.560889,Quadrillon Btu,7.22426,Quadrillion Btu,558.499,Trillion Btu,6.001303,Quadrillion Btu
274,01/11/1995,444.592,Million Metric Tons of Carbon Dioxide,0.559124,Quadrillon Btu,7.572346,Quadrillion Btu,554.29,Trillion Btu,5.934594,Quadrillion Btu
275,01/12/1995,494.549,Million Metric Tons of Carbon Dioxide,0.586128,Quadrillon Btu,8.410372,Quadrillion Btu,585.646,Trillion Btu,6.008138,Quadrillion Btu
276,01/01/1996,514.309,Million Metric Tons of Carbon Dioxide,0.607656,Quadrillon Btu,8.776632,Quadrillion Btu,606.654,Trillion Btu,6.059145,Quadrillion Btu
277,01/02/1996,476.498,Million Metric Tons of Carbon Dioxide,0.572905,Quadrillon Btu,8.104038,Quadrillion Btu,571.306,Trillion Btu,5.796695,Quadrillion Btu
278,01/03/1996,477.653,Million Metric Tons of Carbon Dioxide,0.628615,Quadrillon Btu,8.191767,Quadrillion Btu,627.928,Trillion Btu,6.189337,Quadrillion Btu
279,01/04/1996,430.632,Million Metric Tons of Carbon Dioxide,0.556124,Quadrillon Btu,7.361878,Quadrillion Btu,556.072,Trillion Btu,5.926724,Quadrillion Btu
280,01/05/1996,433.44,Million Metric Tons of Carbon Dioxide,0.59578,Quadrillon Btu,7.46309,Quadrillion Btu,594.909,Trillion Btu,6.090312,Quadrillion Btu
281,01/06/1996,434.205,Million Metric Tons of Carbon Dioxide,0.608162,Quadrillon Btu,7.446041,Quadrillion Btu,607.621,Trillion Btu,5.947819,Quadrillion Btu
282,01/07/1996,455.174,Million Metric Tons of Carbon Dioxide,0.610006,Quadrillon Btu,7.757828,Quadrillion Btu,610.1,Trillion Btu,6.143936,Quadrillion Btu
283,01/08/1996,462.237,Million Metric Tons of Carbon Dioxide,0.594961,Quadrillon Btu,7.869469,Quadrillion Btu,594.881,Trillion Btu,6.270742,Quadrillion Btu
284,01/09/1996,421.931,Million Metric Tons of Carbon Dioxide,0.512565,Quadrillon Btu,7.147233,Quadrillion Btu,513.262,Trillion Btu,5.882138,Quadrillion Btu
285,01/10/1996,451.412,Million Metric Tons of Carbon Dioxide,0.567221,Quadrillon Btu,7.617372,Quadrillion Btu,568.747,Trillion Btu,6.132089,Quadrillion Btu
286,01/11/1996,462.888,Million Metric Tons of Carbon Dioxide,0.561216,Quadrillon Btu,7.795705,Quadrillion Btu,561.31,Trillion Btu,5.911372,Quadrillion Btu
287,01/12/1996,497.654,Million Metric Tons of Carbon Dioxide,0.597221,Quadrillon Btu,8.404844,Quadrillion Btu,598.136,Trillion Btu,6.084948,Quadrillion Btu
288,01/01/1997,520.104,Million Metric Tons of Carbon Dioxide,0.629127,Quadrillon Btu,8.823702,Quadrillion Btu,629.8,Trillion Btu,6.25498,Quadrillion Btu
289,01/02/1997,456.785,Million Metric Tons of Carbon Dioxide,0.56344,Quadrillon Btu,7.787032,Quadrillion Btu,563.287,Trillion Btu,5.746246,Quadrillion Btu
290,01/03/1997,468.598,Million Metric Tons of Carbon Dioxide,0.628717,Quadrillon Btu,7.985146,Quadrillion Btu,628.991,Trillion Btu,6.19294,Quadrillion Btu
291,01/04/1997,442.952,Million Metric Tons of Carbon Dioxide,0.603648,Quadrillon Btu,7.523073,Quadrillion Btu,603.78,Trillion Btu,5.885515,Quadrillion Btu
292,01/05/1997,437.469,Million Metric Tons of Carbon Dioxide,0.640222,Quadrillon Btu,7.476447,Quadrillion Btu,642.251,Trillion Btu,6.192857,Quadrillion Btu
293,01/06/1997,439.377,Million Metric Tons of Carbon Dioxide,0.607079,Quadrillon Btu,7.465961,Quadrillion Btu,607.807,Trillion Btu,5.907547,Quadrillion Btu
294,01/07/1997,479.657,Million Metric Tons of Carbon Dioxide,0.611062,Quadrillon Btu,8.090954,Quadrillion Btu,611.218,Trillion Btu,6.114265,Quadrillion Btu
295,01/08/1997,466.92,Million Metric Tons of Carbon Dioxide,0.567068,Quadrillon Btu,7.909856,Quadrillion Btu,566.988,Trillion Btu,6.107502,Quadrillion Btu
296,01/09/1997,440.692,Million Metric Tons of Carbon Dioxide,0.51247,Quadrillon Btu,7.412831,Quadrillion Btu,513.216,Trillion Btu,5.971863,Quadrillion Btu
297,01/10/1997,458.646,Million Metric Tons of Carbon Dioxide,0.582313,Quadrillon Btu,7.677186,Quadrillion Btu,581.276,Trillion Btu,6.12094,Quadrillion Btu
298,01/11/1997,462.872,Million Metric Tons of Carbon Dioxide,0.526711,Quadrillon Btu,7.749814,Quadrillion Btu,526.469,Trillion Btu,5.763217,Quadrillion Btu
299,01/12/1997,515.254,Million Metric Tons of Carbon Dioxide,0.542307,Quadrillon Btu,8.606328,Quadrillion Btu,541.77,Trillion Btu,6.162255,Quadrillion Btu
300,01/01/1998,508.781,Million Metric Tons of Carbon Dioxide,0.591097,Quadrillon Btu,8.607437,Quadrillion Btu,591.527,Trillion Btu,6.401509,Quadrillion Btu
301,01/02/1998,451.782,Million Metric Tons of Carbon Dioxide,0.53521,Quadrillon Btu,7.64498,Quadrillion Btu,534.596,Trillion Btu,5.711263,Quadrillion Btu
302,01/03/1998,481.77,Million Metric Tons of Carbon Dioxide,0.5865,Quadrillon Btu,8.16864,Quadrillion Btu,585.349,Trillion Btu,6.281766,Quadrillion Btu
303,01/04/1998,445.731,Million Metric Tons of Carbon Dioxide,0.548691,Quadrillon Btu,7.510104,Quadrillion Btu,550.089,Trillion Btu,6.005149,Quadrillion Btu
304,01/05/1998,447.656,Million Metric Tons of Carbon Dioxide,0.605824,Quadrillon Btu,7.574503,Quadrillion Btu,606.598,Trillion Btu,6.15208,Quadrillion Btu
305,01/06/1998,461.334,Million Metric Tons of Carbon Dioxide,0.537599,Quadrillon Btu,7.714757,Quadrillion Btu,538.497,Trillion Btu,6.028093,Quadrillion Btu
306,01/07/1998,492.954,Million Metric Tons of Carbon Dioxide,0.56574,Quadrillon Btu,8.276443,Quadrillion Btu,566.004,Trillion Btu,6.126854,Quadrillion Btu
307,01/08/1998,492.447,Million Metric Tons of Carbon Dioxide,0.537245,Quadrillon Btu,8.225686,Quadrillion Btu,537.293,Trillion Btu,6.128655,Quadrillion Btu
308,01/09/1998,454.457,Million Metric Tons of Carbon Dioxide,0.486761,Quadrillon Btu,7.615079,Quadrillion Btu,487.115,Trillion Btu,5.865659,Quadrillion Btu
309,01/10/1998,452.079,Million Metric Tons of Carbon Dioxide,0.486811,Quadrillon Btu,7.608859,Quadrillion Btu,485.982,Trillion Btu,6.122041,Quadrillion Btu
310,01/11/1998,446.073,Million Metric Tons of Carbon Dioxide,0.455646,Quadrillon Btu,7.505881,Quadrillion Btu,456.09,Trillion Btu,5.855805,Quadrillion Btu
311,01/12/1998,501.675,Million Metric Tons of Carbon Dioxide,0.554219,Quadrillon Btu,8.468996,Quadrillion Btu,553.643,Trillion Btu,6.147638,Quadrillion Btu
312,01/01/1999,524.853,Million Metric Tons of Carbon Dioxide,0.595568,Quadrillon Btu,8.911858,Quadrillion Btu,596.141,Trillion Btu,6.149937,Quadrillion Btu
313,01/02/1999,459.241,Million Metric Tons of Carbon Dioxide,0.533105,Quadrillon Btu,7.808517,Quadrillion Btu,533.209,Trillion Btu,5.743737,Quadrillion Btu
314,01/03/1999,494.242,Million Metric Tons of Carbon Dioxide,0.563739,Quadrillon Btu,8.369508,Quadrillion Btu,564.568,Trillion Btu,6.198134,Quadrillion Btu
315,01/04/1999,454.026,Million Metric Tons of Carbon Dioxide,0.549277,Quadrillon Btu,7.655644,Quadrillion Btu,551.66,Trillion Btu,5.773119,Quadrillion Btu
316,01/05/1999,447.412,Million Metric Tons of Carbon Dioxide,0.608948,Quadrillon Btu,7.622287,Quadrillion Btu,610.259,Trillion Btu,5.890513,Quadrillion Btu
317,01/06/1999,458.286,Million Metric Tons of Carbon Dioxide,0.573257,Quadrillon Btu,7.804112,Quadrillion Btu,571.957,Trillion Btu,5.939685,Quadrillion Btu
318,01/07/1999,494.981,Million Metric Tons of Carbon Dioxide,0.593643,Quadrillon Btu,8.368275,Quadrillion Btu,593.688,Trillion Btu,6.055369,Quadrillion Btu
319,01/08/1999,494.863,Million Metric Tons of Carbon Dioxide,0.546596,Quadrillon Btu,8.376907,Quadrillion Btu,547.081,Trillion Btu,6.115254,Quadrillion Btu
320,01/09/1999,449.583,Million Metric Tons of Carbon Dioxide,0.481263,Quadrillon Btu,7.611091,Quadrillion Btu,482.169,Trillion Btu,5.883405,Quadrillion Btu
321,01/10/1999,460.652,Million Metric Tons of Carbon Dioxide,0.457255,Quadrillon Btu,7.713484,Quadrillion Btu,456.721,Trillion Btu,5.874531,Quadrillion Btu
322,01/11/1999,449.93,Million Metric Tons of Carbon Dioxide,0.49446,Quadrillon Btu,7.633346,Quadrillion Btu,492.909,Trillion Btu,5.934447,Quadrillion Btu
323,01/12/1999,512.191,Million Metric Tons of Carbon Dioxide,0.516689,Quadrillon Btu,8.670985,Quadrillion Btu,515.281,Trillion Btu,6.127562,Quadrillion Btu
324,01/01/2000,531.996,Million Metric Tons of Carbon Dioxide,0.505528,Quadrillon Btu,8.945504,Quadrillion Btu,505.154,Trillion Btu,6.023281,Quadrillion Btu
325,01/02/2000,497.867,Million Metric Tons of Carbon Dioxide,0.498999,Quadrillon Btu,8.402205,Quadrillion Btu,499.963,Trillion Btu,5.742828,Quadrillion Btu
326,01/03/2000,489.022,Million Metric Tons of Carbon Dioxide,0.558482,Quadrillon Btu,8.293302,Quadrillion Btu,558.01,Trillion Btu,6.284142,Quadrillion Btu
327,01/04/2000,448.671,Million Metric Tons of Carbon Dioxide,0.567156,Quadrillon Btu,7.669707,Quadrillion Btu,568.53,Trillion Btu,5.727994,Quadrillion Btu
328,01/05/2000,472.113,Million Metric Tons of Carbon Dioxide,0.558834,Quadrillon Btu,8.025775,Quadrillion Btu,558.73,Trillion Btu,6.023283,Quadrillion Btu
329,01/06/2000,475.439,Million Metric Tons of Carbon Dioxide,0.507753,Quadrillon Btu,8.002829,Quadrillion Btu,509.12,Trillion Btu,5.961753,Quadrillion Btu
330,01/07/2000,489.537,Million Metric Tons of Carbon Dioxide,0.525603,Quadrillon Btu,8.230406,Quadrillion Btu,526.269,Trillion Btu,5.951483,Quadrillion Btu
331,01/08/2000,512.148,Million Metric Tons of Carbon Dioxide,0.505433,Quadrillon Btu,8.542562,Quadrillion Btu,503.692,Trillion Btu,6.185379,Quadrillion Btu
332,01/09/2000,464.588,Million Metric Tons of Carbon Dioxide,0.443558,Quadrillon Btu,7.692331,Quadrillion Btu,443.382,Trillion Btu,5.771777,Quadrillion Btu
333,01/10/2000,471.152,Million Metric Tons of Carbon Dioxide,0.469441,Quadrillon Btu,7.760537,Quadrillion Btu,468.22,Trillion Btu,5.948329,Quadrillion Btu
334,01/11/2000,478.527,Million Metric Tons of Carbon Dioxide,0.484435,Quadrillon Btu,7.93999,Quadrillion Btu,482.871,Trillion Btu,5.828956,Quadrillion Btu
335,01/12/2000,557.534,Million Metric Tons of Carbon Dioxide,0.479073,Quadrillon Btu,9.198448,Quadrillion Btu,477.789,Trillion Btu,5.821446,Quadrillion Btu
336,01/01/2001,555.881,Million Metric Tons of Carbon Dioxide,0.447075,Quadrillon Btu,9.22901,Quadrillion Btu,444.974,Trillion Btu,6.109594,Quadrillion Btu
337,01/02/2001,485.087,Million Metric Tons of Carbon Dioxide,0.404487,Quadrillon Btu,8.072484,Quadrillion Btu,404.073,Trillion Btu,5.530608,Quadrillion Btu
338,01/03/2001,509.527,Million Metric Tons of Carbon Dioxide,0.456144,Quadrillon Btu,8.473235,Quadrillion Btu,455.786,Trillion Btu,6.180135,Quadrillion Btu
339,01/04/2001,458.454,Million Metric Tons of Carbon Dioxide,0.424544,Quadrillon Btu,7.638091,Quadrillion Btu,425.372,Trillion Btu,5.791105,Quadrillion Btu
340,01/05/2001,460.058,Million Metric Tons of Carbon Dioxide,0.434878,Quadrillon Btu,7.629046,Quadrillion Btu,435.524,Trillion Btu,6.0636,Quadrillion Btu
341,01/06/2001,458.037,Million Metric Tons of Carbon Dioxide,0.451271,Quadrillon Btu,7.652575,Quadrillion Btu,454.623,Trillion Btu,5.977761,Quadrillion Btu
342,01/07/2001,493.327,Million Metric Tons of Carbon Dioxide,0.438449,Quadrillon Btu,8.14438,Quadrillion Btu,436.074,Trillion Btu,5.988019,Quadrillion Btu
343,01/08/2001,502.689,Million Metric Tons of Carbon Dioxide,0.445566,Quadrillon Btu,8.30326,Quadrillion Btu,447.91,Trillion Btu,6.203569,Quadrillion Btu
344,01/09/2001,445.211,Million Metric Tons of Carbon Dioxide,0.39584,Quadrillon Btu,7.40056,Quadrillion Btu,396.476,Trillion Btu,5.806808,Quadrillion Btu
345,01/10/2001,462.567,Million Metric Tons of Carbon Dioxide,0.412281,Quadrillon Btu,7.717436,Quadrillion Btu,409.925,Trillion Btu,6.138293,Quadrillion Btu
346,01/11/2001,451.854,Million Metric Tons of Carbon Dioxide,0.401022,Quadrillon Btu,7.543843,Quadrillion Btu,401.777,Trillion Btu,5.922895,Quadrillion Btu
347,01/12/2001,495.103,Million Metric Tons of Carbon Dioxide,0.448485,Quadrillon Btu,8.259892,Quadrillion Btu,449.333,Trillion Btu,5.963061,Quadrillion Btu
348,01/01/2002,521.274,Million Metric Tons of Carbon Dioxide,0.475003,Quadrillon Btu,8.792693,Quadrillion Btu,476.548,Trillion Btu,6.257661,Quadrillion Btu
349,01/02/2002,464.825,Million Metric Tons of Carbon Dioxide,0.4288,Quadrillon Btu,7.856619,Quadrillion Btu,428.362,Trillion Btu,5.580886,Quadrillion Btu
350,01/03/2002,497.85,Million Metric Tons of Carbon Dioxide,0.456504,Quadrillon Btu,8.359275,Quadrillion Btu,459.471,Trillion Btu,5.923232,Quadrillion Btu
351,01/04/2002,460.198,Million Metric Tons of Carbon Dioxide,0.488033,Quadrillon Btu,7.75851,Quadrillion Btu,488.519,Trillion Btu,5.794808,Quadrillion Btu
352,01/05/2002,461.123,Million Metric Tons of Carbon Dioxide,0.527257,Quadrillon Btu,7.800433,Quadrillion Btu,527.657,Trillion Btu,6.03318,Quadrillion Btu
353,01/06/2002,466.889,Million Metric Tons of Carbon Dioxide,0.533013,Quadrillon Btu,7.890056,Quadrillion Btu,533.58,Trillion Btu,5.834227,Quadrillion Btu
354,01/07/2002,502.602,Million Metric Tons of Carbon Dioxide,0.525803,Quadrillon Btu,8.425786,Quadrillion Btu,525.255,Trillion Btu,5.973665,Quadrillion Btu
355,01/08/2002,500.483,Million Metric Tons of Carbon Dioxide,0.469232,Quadrillon Btu,8.344968,Quadrillion Btu,469.67,Trillion Btu,6.026891,Quadrillion Btu
356,01/09/2002,461.628,Million Metric Tons of Carbon Dioxide,0.431019,Quadrillon Btu,7.660322,Quadrillion Btu,431.903,Trillion Btu,5.726052,Quadrillion Btu
357,01/10/2002,471.267,Million Metric Tons of Carbon Dioxide,0.445367,Quadrillon Btu,7.801565,Quadrillion Btu,445.46,Trillion Btu,5.80707,Quadrillion Btu
358,01/11/2002,481.986,Million Metric Tons of Carbon Dioxide,0.458065,Quadrillon Btu,8.013093,Quadrillion Btu,455.86,Trillion Btu,5.71263,Quadrillion Btu
359,01/12/2002,529.906,Million Metric Tons of Carbon Dioxide,0.488107,Quadrillon Btu,8.832163,Quadrillion Btu,488.703,Trillion Btu,5.982828,Quadrillion Btu
360,01/01/2003,554.83,Million Metric Tons of Carbon Dioxide,0.467768,Quadrillon Btu,9.233323,Quadrillion Btu,470.095,Trillion Btu,6.001257,Quadrillion Btu
361,01/02/2003,506.365,Million Metric Tons of Carbon Dioxide,0.440766,Quadrillon Btu,8.431302,Quadrillion Btu,437.341,Trillion Btu,5.404352,Quadrillion Btu
362,01/03/2003,504,Million Metric Tons of Carbon Dioxide,0.506122,Quadrillon Btu,8.382907,Quadrillion Btu,508.215,Trillion Btu,5.919507,Quadrillion Btu
363,01/04/2003,458.319,Million Metric Tons of Carbon Dioxide,0.509869,Quadrillon Btu,7.668247,Quadrillion Btu,509.649,Trillion Btu,5.762671,Quadrillion Btu
364,01/05/2003,454.727,Million Metric Tons of Carbon Dioxide,0.557691,Quadrillon Btu,7.663915,Quadrillion Btu,557.622,Trillion Btu,5.938265,Quadrillion Btu
365,01/06/2003,457.593,Million Metric Tons of Carbon Dioxide,0.548232,Quadrillon Btu,7.642524,Quadrillion Btu,549.092,Trillion Btu,5.820237,Quadrillion Btu
366,01/07/2003,497.369,Million Metric Tons of Carbon Dioxide,0.523856,Quadrillon Btu,8.272435,Quadrillion Btu,524.624,Trillion Btu,5.891484,Quadrillion Btu
367,01/08/2003,507.286,Million Metric Tons of Carbon Dioxide,0.502381,Quadrillon Btu,8.391328,Quadrillion Btu,501.53,Trillion Btu,5.935429,Quadrillion Btu
368,01/09/2003,459.915,Million Metric Tons of Carbon Dioxide,0.445427,Quadrillon Btu,7.605784,Quadrillion Btu,447.121,Trillion Btu,5.753894,Quadrillion Btu
369,01/10/2003,472.995,Million Metric Tons of Carbon Dioxide,0.452123,Quadrillon Btu,7.781223,Quadrillion Btu,451.931,Trillion Btu,5.896804,Quadrillion Btu
370,01/11/2003,475.2,Million Metric Tons of Carbon Dioxide,0.463802,Quadrillon Btu,7.83561,Quadrillion Btu,460.818,Trillion Btu,5.579084,Quadrillion Btu
371,01/12/2003,537.826,Million Metric Tons of Carbon Dioxide,0.526226,Quadrillon Btu,8.926281,Quadrillion Btu,524.532,Trillion Btu,5.981791,Quadrillion Btu
372,01/01/2004,560.77,Million Metric Tons of Carbon Dioxide,0.515182,Quadrillon Btu,9.350304,Quadrillion Btu,514.261,Trillion Btu,6.020815,Quadrillion Btu
373,01/02/2004,521.927,Million Metric Tons of Carbon Dioxide,0.475956,Quadrillon Btu,8.733811,Quadrillion Btu,474.103,Trillion Btu,5.568078,Quadrillion Btu
374,01/03/2004,504.024,Million Metric Tons of Carbon Dioxide,0.5108,Quadrillon Btu,8.430967,Quadrillion Btu,510.702,Trillion Btu,5.985245,Quadrillion Btu
375,01/04/2004,465.266,Million Metric Tons of Carbon Dioxide,0.489917,Quadrillon Btu,7.793673,Quadrillion Btu,488.758,Trillion Btu,5.741299,Quadrillion Btu
376,01/05/2004,477.865,Million Metric Tons of Carbon Dioxide,0.52319,Quadrillon Btu,7.966313,Quadrillion Btu,522.609,Trillion Btu,5.809649,Quadrillion Btu
377,01/06/2004,476.571,Million Metric Tons of Carbon Dioxide,0.534475,Quadrillon Btu,7.982283,Quadrillion Btu,531.796,Trillion Btu,5.901435,Quadrillion Btu
378,01/07/2004,503.587,Million Metric Tons of Carbon Dioxide,0.52402,Quadrillon Btu,8.406337,Quadrillion Btu,523.871,Trillion Btu,5.993627,Quadrillion Btu
379,01/08/2004,500.572,Million Metric Tons of Carbon Dioxide,0.502435,Quadrillon Btu,8.354285,Quadrillion Btu,502.493,Trillion Btu,5.985276,Quadrillion Btu
380,01/09/2004,469.26,Million Metric Tons of Carbon Dioxide,0.480236,Quadrillon Btu,7.830388,Quadrillion Btu,479.402,Trillion Btu,5.685257,Quadrillion Btu
381,01/10/2004,478.229,Million Metric Tons of Carbon Dioxide,0.474139,Quadrillon Btu,7.947538,Quadrillion Btu,472.897,Trillion Btu,5.747858,Quadrillion Btu
382,01/11/2004,486.937,Million Metric Tons of Carbon Dioxide,0.485653,Quadrillon Btu,8.050412,Quadrillion Btu,484.754,Trillion Btu,5.699128,Quadrillion Btu
383,01/12/2004,548.719,Million Metric Tons of Carbon Dioxide,0.558847,Quadrillon Btu,9.156182,Quadrillion Btu,557.149,Trillion Btu,6.031922,Quadrillion Btu
384,01/01/2005,553.428,Million Metric Tons of Carbon Dioxide,0.537957,Quadrillon Btu,9.287429,Quadrillion Btu,537.045,Trillion Btu,5.969442,Quadrillion Btu
385,01/02/2005,494.783,Million Metric Tons of Carbon Dioxide,0.489174,Quadrillon Btu,8.283712,Quadrillion Btu,489.404,Trillion Btu,5.520627,Quadrillion Btu
386,01/03/2005,522.885,Million Metric Tons of Carbon Dioxide,0.523965,Quadrillon Btu,8.726282,Quadrillion Btu,524.509,Trillion Btu,6.131436,Quadrillion Btu
387,01/04/2005,461.664,Million Metric Tons of Carbon Dioxide,0.51375,Quadrillon Btu,7.714735,Quadrillion Btu,514.356,Trillion Btu,5.754473,Quadrillion Btu
388,01/05/2005,471.728,Million Metric Tons of Carbon Dioxide,0.568378,Quadrillon Btu,7.939029,Quadrillion Btu,567.482,Trillion Btu,5.906173,Quadrillion Btu
389,01/06/2005,487.536,Million Metric Tons of Carbon Dioxide,0.562221,Quadrillon Btu,8.172075,Quadrillion Btu,559.572,Trillion Btu,5.925572,Quadrillion Btu
390,01/07/2005,513.85,Million Metric Tons of Carbon Dioxide,0.56255,Quadrillon Btu,8.580751,Quadrillion Btu,561.855,Trillion Btu,5.925617,Quadrillion Btu
391,01/08/2005,521.51,Million Metric Tons of Carbon Dioxide,0.517306,Quadrillon Btu,8.687819,Quadrillion Btu,514.673,Trillion Btu,5.982773,Quadrillion Btu
392,01/09/2005,473.449,Million Metric Tons of Carbon Dioxide,0.464673,Quadrillon Btu,7.789281,Quadrillion Btu,464.185,Trillion Btu,5.390352,Quadrillion Btu
393,01/10/2005,474.249,Million Metric Tons of Carbon Dioxide,0.477098,Quadrillon Btu,7.782715,Quadrillion Btu,475.83,Trillion Btu,5.474018,Quadrillion Btu
394,01/11/2005,478.509,Million Metric Tons of Carbon Dioxide,0.486959,Quadrillon Btu,7.939547,Quadrillion Btu,484.914,Trillion Btu,5.59259,Quadrillion Btu
395,01/12/2005,553.411,Million Metric Tons of Carbon Dioxide,0.529713,Quadrillon Btu,9.198389,Quadrillion Btu,527.174,Trillion Btu,5.804039,Quadrillion Btu
396,01/01/2006,521.884,Million Metric Tons of Carbon Dioxide,0.589472,Quadrillon Btu,8.815186,Quadrillion Btu,590.899,Trillion Btu,6.034994,Quadrillion Btu
397,01/02/2006,487.018,Million Metric Tons of Carbon Dioxide,0.527016,Quadrillon Btu,8.190426,Quadrillion Btu,529.246,Trillion Btu,5.414141,Quadrillion Btu
398,01/03/2006,512.329,Million Metric Tons of Carbon Dioxide,0.551725,Quadrillon Btu,8.584288,Quadrillion Btu,553.18,Trillion Btu,5.98795,Quadrillion Btu
399,01/04/2006,454.702,Million Metric Tons of Carbon Dioxide,0.579724,Quadrillon Btu,7.709169,Quadrillion Btu,577.843,Trillion Btu,5.742258,Quadrillion Btu
400,01/05/2006,468.67,Million Metric Tons of Carbon Dioxide,0.618094,Quadrillon Btu,7.956212,Quadrillion Btu,611.368,Trillion Btu,6.029229,Quadrillion Btu
401,01/06/2006,481.519,Million Metric Tons of Carbon Dioxide,0.608287,Quadrillon Btu,8.146062,Quadrillion Btu,598.607,Trillion Btu,5.971006,Quadrillion Btu
402,01/07/2006,515.186,Million Metric Tons of Carbon Dioxide,0.573974,Quadrillon Btu,8.632133,Quadrillion Btu,568.581,Trillion Btu,5.997655,Quadrillion Btu
403,01/08/2006,524.514,Million Metric Tons of Carbon Dioxide,0.537154,Quadrillon Btu,8.731275,Quadrillion Btu,531.475,Trillion Btu,6.067137,Quadrillion Btu
404,01/09/2006,467.125,Million Metric Tons of Carbon Dioxide,0.484045,Quadrillon Btu,7.785762,Quadrillion Btu,478.101,Trillion Btu,5.752859,Quadrillion Btu
405,01/10/2006,486.714,Million Metric Tons of Carbon Dioxide,0.496715,Quadrillon Btu,8.01968,Quadrillion Btu,489.377,Trillion Btu,5.870392,Quadrillion Btu
406,01/11/2006,480.987,Million Metric Tons of Carbon Dioxide,0.52259,Quadrillon Btu,8.028324,Quadrillion Btu,515.816,Trillion Btu,5.787764,Quadrillion Btu
407,01/12/2006,528.689,Million Metric Tons of Carbon Dioxide,0.548344,Quadrillon Btu,8.793294,Quadrillion Btu,542.022,Trillion Btu,6.022463,Quadrillion Btu
408,01/01/2007,543.442,Million Metric Tons of Carbon Dioxide,0.597023,Quadrillon Btu,9.217789,Quadrillion Btu,592.181,Trillion Btu,6.134727,Quadrillion Btu
409,01/02/2007,521.634,Million Metric Tons of Carbon Dioxide,0.491007,Quadrillon Btu,8.750832,Quadrillion Btu,488.023,Trillion Btu,5.473109,Quadrillion Btu
410,01/03/2007,508.117,Million Metric Tons of Carbon Dioxide,0.57708,Quadrillon Btu,8.555148,Quadrillion Btu,574.791,Trillion Btu,6.038748,Quadrillion Btu
411,01/04/2007,469.903,Million Metric Tons of Carbon Dioxide,0.565801,Quadrillon Btu,7.915978,Quadrillion Btu,566.548,Trillion Btu,5.759415,Quadrillion Btu
412,01/05/2007,474.771,Million Metric Tons of Carbon Dioxide,0.593598,Quadrillon Btu,8.01359,Quadrillion Btu,594.245,Trillion Btu,6.087695,Quadrillion Btu
413,01/06/2007,482.418,Million Metric Tons of Carbon Dioxide,0.557977,Quadrillon Btu,8.090384,Quadrillion Btu,555.788,Trillion Btu,5.945893,Quadrillion Btu
414,01/07/2007,506.595,Million Metric Tons of Carbon Dioxide,0.56151,Quadrillon Btu,8.48329,Quadrillion Btu,562.071,Trillion Btu,6.006003,Quadrillion Btu
415,01/08/2007,529.453,Million Metric Tons of Carbon Dioxide,0.542305,Quadrillon Btu,8.81248,Quadrillion Btu,542.083,Trillion Btu,6.136768,Quadrillion Btu
416,01/09/2007,477.012,Million Metric Tons of Carbon Dioxide,0.48239,Quadrillon Btu,7.933705,Quadrillion Btu,483.353,Trillion Btu,5.773668,Quadrillion Btu
417,01/10/2007,478.507,Million Metric Tons of Carbon Dioxide,0.5036,Quadrillon Btu,7.964549,Quadrillion Btu,500.628,Trillion Btu,5.979628,Quadrillion Btu
418,01/11/2007,482.728,Million Metric Tons of Carbon Dioxide,0.501382,Quadrillon Btu,8.074189,Quadrillion Btu,503.204,Trillion Btu,5.927455,Quadrillion Btu
419,01/12/2007,540.966,Million Metric Tons of Carbon Dioxide,0.54982,Quadrillon Btu,9.081813,Quadrillion Btu,547.833,Trillion Btu,6.075344,Quadrillion Btu
420,01/01/2008,555.4,Million Metric Tons of Carbon Dioxide,0.59363,Quadrillon Btu,9.41029,Quadrillion Btu,597.581,Trillion Btu,6.196483,Quadrillion Btu
421,01/02/2008,511.666,Million Metric Tons of Carbon Dioxide,0.541686,Quadrillon Btu,8.649759,Quadrillion Btu,542.23,Trillion Btu,5.819837,Quadrillion Btu
422,01/03/2008,506.035,Million Metric Tons of Carbon Dioxide,0.596878,Quadrillon Btu,8.584342,Quadrillion Btu,604.443,Trillion Btu,6.16355,Quadrillion Btu
423,01/04/2008,462.545,Million Metric Tons of Carbon Dioxide,0.60643,Quadrillon Btu,7.832112,Quadrillion Btu,607.253,Trillion Btu,5.997844,Quadrillion Btu
424,01/05/2008,460.999,Million Metric Tons of Carbon Dioxide,0.664939,Quadrillon Btu,7.889878,Quadrillion Btu,668.828,Trillion Btu,6.21425,Quadrillion Btu
425,01/06/2008,468.331,Million Metric Tons of Carbon Dioxide,0.673973,Quadrillon Btu,8.03667,Quadrillion Btu,675.52,Trillion Btu,6.06965,Quadrillion Btu
426,01/07/2008,494.995,Million Metric Tons of Carbon Dioxide,0.645981,Quadrillon Btu,8.411947,Quadrillion Btu,646.308,Trillion Btu,6.398124,Quadrillion Btu
427,01/08/2008,485.387,Million Metric Tons of Carbon Dioxide,0.597497,Quadrillon Btu,8.21186,Quadrillion Btu,599.263,Trillion Btu,6.296245,Quadrillion Btu
428,01/09/2008,437.076,Million Metric Tons of Carbon Dioxide,0.532877,Quadrillon Btu,7.348855,Quadrillion Btu,531.982,Trillion Btu,5.638979,Quadrillion Btu
429,01/10/2008,461.946,Million Metric Tons of Carbon Dioxide,0.554001,Quadrillon Btu,7.779875,Quadrillion Btu,552.18,Trillion Btu,6.10018,Quadrillion Btu
430,01/11/2008,462.277,Million Metric Tons of Carbon Dioxide,0.549341,Quadrillon Btu,7.805137,Quadrillion Btu,551.779,Trillion Btu,5.952553,Quadrillion Btu
431,01/12/2008,516.478,Million Metric Tons of Carbon Dioxide,0.618066,Quadrillon Btu,8.793599,Quadrillion Btu,614.791,Trillion Btu,6.297806,Quadrillion Btu
432,01/01/2009,533.28,Million Metric Tons of Carbon Dioxide,0.622078,Quadrillon Btu,9.126375,Quadrillion Btu,626.716,Trillion Btu,6.296241,Quadrillion Btu
433,01/02/2009,456.546,Million Metric Tons of Carbon Dioxide,0.537023,Quadrillon Btu,7.866614,Quadrillion Btu,545.27,Trillion Btu,5.718099,Quadrillion Btu
434,01/03/2009,460.94,Million Metric Tons of Carbon Dioxide,0.623332,Quadrillon Btu,8.045558,Quadrillion Btu,625.349,Trillion Btu,6.240043,Quadrillion Btu
435,01/04/2009,418.626,Million Metric Tons of Carbon Dioxide,0.655288,Quadrillon Btu,7.334454,Quadrillion Btu,651.335,Trillion Btu,5.926872,Quadrillion Btu
436,01/05/2009,412.282,Million Metric Tons of Carbon Dioxide,0.697469,Quadrillon Btu,7.280292,Quadrillion Btu,693.227,Trillion Btu,6.076374,Quadrillion Btu
437,01/06/2009,428.559,Million Metric Tons of Carbon Dioxide,0.68784,Quadrillon Btu,7.530644,Quadrillion Btu,685.872,Trillion Btu,6.074316,Quadrillion Btu
438,01/07/2009,447.469,Million Metric Tons of Carbon Dioxide,0.645659,Quadrillon Btu,7.807674,Quadrillion Btu,645.722,Trillion Btu,6.205553,Quadrillion Btu
439,01/08/2009,458.813,Million Metric Tons of Carbon Dioxide,0.618461,Quadrillon Btu,7.955239,Quadrillion Btu,618.11,Trillion Btu,6.178304,Quadrillion Btu
440,01/09/2009,417.544,Million Metric Tons of Carbon Dioxide,0.56929,Quadrillon Btu,7.263741,Quadrillion Btu,570.982,Trillion Btu,5.904858,Quadrillion Btu
441,01/10/2009,432.249,Million Metric Tons of Carbon Dioxide,0.628834,Quadrillon Btu,7.463399,Quadrillion Btu,628.298,Trillion Btu,5.991712,Quadrillion Btu
442,01/11/2009,427.317,Million Metric Tons of Carbon Dioxide,0.637537,Quadrillon Btu,7.438,Quadrillion Btu,642.624,Trillion Btu,5.85295,Quadrillion Btu
443,01/12/2009,510.046,Million Metric Tons of Carbon Dioxide,0.686335,Quadrillon Btu,8.831041,Quadrillion Btu,692.242,Trillion Btu,6.127195,Quadrillion Btu
444,01/01/2010,524.186,Million Metric Tons of Carbon Dioxide,0.674854,Quadrillon Btu,9.12207,Quadrillion Btu,684.631,Trillion Btu,6.158647,Quadrillion Btu
445,01/02/2010,471.414,Million Metric Tons of Carbon Dioxide,0.616888,Quadrillon Btu,8.200866,Quadrillion Btu,622.725,Trillion Btu,5.737478,Quadrillion Btu
446,01/03/2010,469.018,Million Metric Tons of Carbon Dioxide,0.687483,Quadrillon Btu,8.189559,Quadrillion Btu,696.685,Trillion Btu,6.37949,Quadrillion Btu
447,01/04/2010,420.424,Million Metric Tons of Carbon Dioxide,0.672394,Quadrillon Btu,7.361723,Quadrillion Btu,675.733,Trillion Btu,6.051424,Quadrillion Btu
448,01/05/2010,435.588,Million Metric Tons of Carbon Dioxide,0.731173,Quadrillon Btu,7.665975,Quadrillion Btu,732.772,Trillion Btu,6.206451,Quadrillion Btu
449,01/06/2010,457.362,Million Metric Tons of Carbon Dioxide,0.771168,Quadrillon Btu,7.998152,Quadrillion Btu,769.017,Trillion Btu,6.196689,Quadrillion Btu
450,01/07/2010,484.432,Million Metric Tons of Carbon Dioxide,0.718081,Quadrillon Btu,8.366321,Quadrillion Btu,717.649,Trillion Btu,6.336755,Quadrillion Btu
451,01/08/2010,490.64,Million Metric Tons of Carbon Dioxide,0.676525,Quadrillon Btu,8.430768,Quadrillion Btu,678.088,Trillion Btu,6.401818,Quadrillion Btu
452,01/09/2010,441.761,Million Metric Tons of Carbon Dioxide,0.637853,Quadrillon Btu,7.682324,Quadrillion Btu,641.121,Trillion Btu,6.278484,Quadrillion Btu
453,01/10/2010,427.169,Million Metric Tons of Carbon Dioxide,0.658593,Quadrillon Btu,7.489785,Quadrillion Btu,661.381,Trillion Btu,6.33498,Quadrillion Btu
454,01/11/2010,444.009,Million Metric Tons of Carbon Dioxide,0.68954,Quadrillon Btu,7.786146,Quadrillion Btu,696.046,Trillion Btu,6.254404,Quadrillion Btu
455,01/12/2010,527.556,Million Metric Tons of Carbon Dioxide,0.73356,Quadrillon Btu,9.220542,Quadrillion Btu,739.158,Trillion Btu,6.572109,Quadrillion Btu
456,01/01/2011,529.267,Million Metric Tons of Carbon Dioxide,0.740101,Quadrillon Btu,9.286777,Quadrillion Btu,755.956,Trillion Btu,6.494916,Quadrillion Btu
457,01/02/2011,454.464,Million Metric Tons of Carbon Dioxide,0.711537,Quadrillon Btu,8.096854,Quadrillion Btu,718.491,Trillion Btu,5.894592,Quadrillion Btu
458,01/03/2011,464.555,Million Metric Tons of Carbon Dioxide,0.816648,Quadrillon Btu,8.325084,Quadrillion Btu,827.278,Trillion Btu,6.675123,Quadrillion Btu
459,01/04/2011,418.497,Million Metric Tons of Carbon Dioxide,0.815493,Quadrillon Btu,7.486272,Quadrillion Btu,824.689,Trillion Btu,6.302414,Quadrillion Btu
460,01/05/2011,425.506,Million Metric Tons of Carbon Dioxide,0.839626,Quadrillon Btu,7.569207,Quadrillion Btu,845.788,Trillion Btu,6.438393,Quadrillion Btu
461,01/06/2011,445.132,Million Metric Tons of Carbon Dioxide,0.836944,Quadrillon Btu,7.879953,Quadrillion Btu,837.531,Trillion Btu,6.434384,Quadrillion Btu
462,01/07/2011,476.194,Million Metric Tons of Carbon Dioxide,0.796166,Quadrillon Btu,8.371063,Quadrillion Btu,805.792,Trillion Btu,6.500764,Quadrillion Btu
463,01/08/2011,480.27,Million Metric Tons of Carbon Dioxide,0.755301,Quadrillon Btu,8.394966,Quadrillion Btu,755.8,Trillion Btu,6.707388,Quadrillion Btu
464,01/09/2011,428.306,Million Metric Tons of Carbon Dioxide,0.682866,Quadrillon Btu,7.552035,Quadrillion Btu,689.653,Trillion Btu,6.440192,Quadrillion Btu
465,01/10/2011,424.888,Million Metric Tons of Carbon Dioxide,0.711207,Quadrillon Btu,7.565711,Quadrillion Btu,720.149,Trillion Btu,6.682326,Quadrillion Btu
466,01/11/2011,432.489,Million Metric Tons of Carbon Dioxide,0.737148,Quadrillon Btu,7.775544,Quadrillion Btu,748.063,Trillion Btu,6.658166,Quadrillion Btu
467,01/12/2011,475.034,Million Metric Tons of Carbon Dioxide,0.770705,Quadrillon Btu,8.568678,Quadrillion Btu,780.498,Trillion Btu,6.879226,Quadrillion Btu
468,01/01/2012,477.242,Million Metric Tons of Carbon Dioxide,0.75269,Quadrillon Btu,8.666355,Quadrillion Btu,773.864,Trillion Btu,6.938655,Quadrillion Btu
469,01/02/2012,440.122,Million Metric Tons of Carbon Dioxide,0.684269,Quadrillon Btu,7.954506,Quadrillion Btu,695.961,Trillion Btu,6.338454,Quadrillion Btu
470,01/03/2012,417.385,Million Metric Tons of Carbon Dioxide,0.790588,Quadrillon Btu,7.663517,Quadrillion Btu,797.646,Trillion Btu,6.655042,Quadrillion Btu
471,01/04/2012,390.711,Million Metric Tons of Carbon Dioxide,0.767268,Quadrillon Btu,7.205389,Quadrillion Btu,770.99,Trillion Btu,6.277093,Quadrillion Btu
472,01/05/2012,414.698,Million Metric Tons of Carbon Dioxide,0.810563,Quadrillon Btu,7.600137,Quadrillion Btu,813.258,Trillion Btu,6.602347,Quadrillion Btu
473,01/06/2012,427.51,Million Metric Tons of Carbon Dioxide,0.77991,Quadrillon Btu,7.724107,Quadrillion Btu,779.742,Trillion Btu,6.456131,Quadrillion Btu
474,01/07/2012,467.491,Million Metric Tons of Carbon Dioxide,0.752139,Quadrillon Btu,8.285714,Quadrillion Btu,751.249,Trillion Btu,6.752761,Quadrillion Btu
475,01/08/2012,463.795,Million Metric Tons of Carbon Dioxide,0.726017,Quadrillon Btu,8.220671,Quadrillion Btu,720.652,Trillion Btu,6.797849,Quadrillion Btu
476,01/09/2012,411.408,Million Metric Tons of Carbon Dioxide,0.650345,Quadrillon Btu,7.359055,Quadrillion Btu,651.381,Trillion Btu,6.443151,Quadrillion Btu
477,01/10/2012,422.951,Million Metric Tons of Carbon Dioxide,0.689455,Quadrillon Btu,7.564448,Quadrillion Btu,683.696,Trillion Btu,6.685012,Quadrillion Btu
478,01/11/2012,438.695,Million Metric Tons of Carbon Dioxide,0.688272,Quadrillon Btu,7.757953,Quadrillion Btu,687.807,Trillion Btu,6.546884,Quadrillion Btu
479,01/12/2012,464.212,Million Metric Tons of Carbon Dioxide,0.768019,Quadrillon Btu,8.384662,Quadrillion Btu,769.914,Trillion Btu,6.762347,Quadrillion Btu
480,01/01/2013,494.229,Million Metric Tons of Carbon Dioxide,0.797304,Quadrillon Btu,8.972153,Quadrillion Btu,798.274,Trillion Btu,6.844252,Quadrillion Btu
481,01/02/2013,442.136,Million Metric Tons of Carbon Dioxide,0.714264,Quadrillon Btu,8.007429,Quadrillion Btu,712.257,Trillion Btu,6.228333,Quadrillion Btu
482,01/03/2013,463.834,Million Metric Tons of Carbon Dioxide,0.781514,Quadrillon Btu,8.3733,Quadrillion Btu,779.697,Trillion Btu,6.812136,Quadrillion Btu
483,01/04/2013,409.474,Million Metric Tons of Carbon Dioxide,0.830705,Quadrillon Btu,7.51368,Quadrillion Btu,828.707,Trillion Btu,6.616178,Quadrillion Btu
484,01/05/2013,414.128,Million Metric Tons of Carbon Dioxide,0.870257,Quadrillon Btu,7.604649,Quadrillion Btu,869.796,Trillion Btu,6.920786,Quadrillion Btu
485,01/06/2013,424.322,Million Metric Tons of Carbon Dioxide,0.839147,Quadrillon Btu,7.715212,Quadrillion Btu,833.767,Trillion Btu,6.744352,Quadrillion Btu
486,01/07/2013,459.341,Million Metric Tons of Carbon Dioxide,0.826101,Quadrillon Btu,8.262746,Quadrillion Btu,825.78,Trillion Btu,7.064058,Quadrillion Btu
487,01/08/2013,456.186,Million Metric Tons of Carbon Dioxide,0.756596,Quadrillon Btu,8.161546,Quadrillion Btu,753.265,Trillion Btu,7.121119,Quadrillion Btu
488,01/09/2013,424.821,Million Metric Tons of Carbon Dioxide,0.715938,Quadrillon Btu,7.629706,Quadrillion Btu,708.18,Trillion Btu,6.801841,Quadrillion Btu
489,01/10/2013,424.846,Million Metric Tons of Carbon Dioxide,0.756568,Quadrillon Btu,7.706898,Quadrillion Btu,751.34,Trillion Btu,6.885445,Quadrillion Btu
490,01/11/2013,446.141,Million Metric Tons of Carbon Dioxide,0.768716,Quadrillon Btu,8.119832,Quadrillion Btu,769.765,Trillion Btu,6.845317,Quadrillion Btu
491,01/12/2013,499.333,Million Metric Tons of Carbon Dioxide,0.806667,Quadrillon Btu,9.062807,Quadrillion Btu,806.71,Trillion Btu,6.981743,Quadrillion Btu
492,01/01/2014,532.891,Million Metric Tons of Carbon Dioxide,0.825132,Quadrillon Btu,9.586525,Quadrillion Btu,832.113,Trillion Btu,7.176146,Quadrillion Btu
493,01/02/2014,473.424,Million Metric Tons of Carbon Dioxide,0.712188,Quadrillon Btu,8.423493,Quadrillion Btu,715.327,Trillion Btu,6.475868,Quadrillion Btu
494,01/03/2014,469.599,Million Metric Tons of Carbon Dioxide,0.862147,Quadrillon Btu,8.51752,Quadrillion Btu,867.485,Trillion Btu,7.298145,Quadrillion Btu
495,01/04/2014,409.962,Million Metric Tons of Carbon Dioxide,0.872811,Quadrillon Btu,7.55194,Quadrillion Btu,875.021,Trillion Btu,7.136851,Quadrillion Btu
496,01/05/2014,416.047,Million Metric Tons of Carbon Dioxide,0.870454,Quadrillon Btu,7.64392,Quadrillion Btu,872.232,Trillion Btu,7.361953,Quadrillion Btu
497,01/06/2014,426.237,Million Metric Tons of Carbon Dioxide,0.866318,Quadrillon Btu,7.772431,Quadrillion Btu,870.442,Trillion Btu,7.230644,Quadrillion Btu
498,01/07/2014,456.826,Million Metric Tons of Carbon Dioxide,0.833952,Quadrillon Btu,8.22332,Quadrillion Btu,837.498,Trillion Btu,7.550464,Quadrillion Btu
499,01/08/2014,457.442,Million Metric Tons of Carbon Dioxide,0.772137,Quadrillon Btu,8.198891,Quadrillion Btu,769.418,Trillion Btu,7.562982,Quadrillion Btu
500,01/09/2014,422.107,Million Metric Tons of Carbon Dioxide,0.723337,Quadrillon Btu,7.63803,Quadrillion Btu,724.578,Trillion Btu,7.297794,Quadrillion Btu
501,01/10/2014,425.462,Million Metric Tons of Carbon Dioxide,0.776066,Quadrillon Btu,7.755184,Quadrillion Btu,775.119,Trillion Btu,7.523158,Quadrillion Btu
502,01/11/2014,447.013,Million Metric Tons of Carbon Dioxide,0.816242,Quadrillon Btu,8.192835,Quadrillion Btu,819.852,Trillion Btu,7.371394,Quadrillion Btu
503,01/12/2014,476.831,Million Metric Tons of Carbon Dioxide,0.830781,Quadrillon Btu,8.793318,Quadrillion Btu,839.045,Trillion Btu,7.77477,Quadrillion Btu
504,01/01/2015,506.475,Million Metric Tons of Carbon Dioxide,0.817639,Quadrillon Btu,9.294707,Quadrillion Btu,832.429,Trillion Btu,7.714472,Quadrillion Btu
505,01/02/2015,472.131,Million Metric Tons of Carbon Dioxide,0.770002,Quadrillon Btu,8.607429,Quadrillion Btu,774.299,Trillion Btu,6.875421,Quadrillion Btu
506,01/03/2015,455.72,Million Metric Tons of Carbon Dioxide,0.836722,Quadrillon Btu,8.430192,Quadrillion Btu,840.839,Trillion Btu,7.594175,Quadrillion Btu
507,01/04/2015,395.965,Million Metric Tons of Carbon Dioxide,0.835297,Quadrillon Btu,7.46496,Quadrillion Btu,837.208,Trillion Btu,7.331975,Quadrillion Btu
508,01/05/2015,409.556,Million Metric Tons of Carbon Dioxide,0.83236,Quadrillon Btu,7.642273,Quadrillion Btu,830.568,Trillion Btu,7.369047,Quadrillion Btu
509,01/06/2015,431.093,Million Metric Tons of Carbon Dioxide,0.797672,Quadrillon Btu,7.895389,Quadrillion Btu,795.652,Trillion Btu,7.123753,Quadrillion Btu
510,01/07/2015,463.67,Million Metric Tons of Carbon Dioxide,0.823136,Quadrillon Btu,8.426042,Quadrillion Btu,821.708,Trillion Btu,7.53948,Quadrillion Btu
511,01/08/2015,454.82,Million Metric Tons of Carbon Dioxide,0.799715,Quadrillon Btu,8.309123,Quadrillion Btu,795.483,Trillion Btu,7.650411,Quadrillion Btu
512,01/09/2015,418.565,Million Metric Tons of Carbon Dioxide,0.752731,Quadrillon Btu,7.68303,Quadrillion Btu,745.778,Trillion Btu,7.325709,Quadrillion Btu
513,01/10/2015,409.786,Million Metric Tons of Carbon Dioxide,0.779019,Quadrillon Btu,7.612865,Quadrillion Btu,778.329,Trillion Btu,7.370152,Quadrillion Btu
514,01/11/2015,406.129,Million Metric Tons of Carbon Dioxide,0.827016,Quadrillon Btu,7.672648,Quadrillion Btu,830.171,Trillion Btu,7.117528,Quadrillion Btu
515,01/12/2015,438.155,Million Metric Tons of Carbon Dioxide,0.880659,Quadrillon Btu,8.367964,Quadrillion Btu,885.938,Trillion Btu,7.283974,Quadrillion Btu
516,01/01/2016,482.862,Million Metric Tons of Carbon Dioxide,0.859847,Quadrillon Btu,9.054568,Quadrillion Btu,878.658,Trillion Btu,7.233136,Quadrillion Btu
517,01/02/2016,433.655,Million Metric Tons of Carbon Dioxide,0.857923,Quadrillon Btu,8.224827,Quadrillion Btu,867.107,Trillion Btu,6.8123,Quadrillion Btu
518,01/03/2016,409.895,Million Metric Tons of Carbon Dioxide,0.936758,Quadrillon Btu,7.98304,Quadrillion Btu,945.793,Trillion Btu,7.138157,Quadrillion Btu
519,01/04/2016,382.586,Million Metric Tons of Carbon Dioxide,0.889359,Quadrillon Btu,7.446024,Quadrillion Btu,895.855,Trillion Btu,6.727934,Quadrillion Btu
520,01/05/2016,390.118,Million Metric Tons of Carbon Dioxide,0.903704,Quadrillon Btu,7.576566,Quadrillion Btu,906.577,Trillion Btu,6.995252,Quadrillion Btu
521,01/06/2016,424.803,Million Metric Tons of Carbon Dioxide,0.857499,Quadrillon Btu,7.92884,Quadrillion Btu,863.306,Trillion Btu,6.897886,Quadrillion Btu
522,01/07/2016,459.014,Million Metric Tons of Carbon Dioxide,0.875347,Quadrillon Btu,8.45992,Quadrillion Btu,874.767,Trillion Btu,7.138167,Quadrillion Btu
523,01/08/2016,466.594,Million Metric Tons of Carbon Dioxide,0.826825,Quadrillon Btu,8.530317,Quadrillion Btu,827.253,Trillion Btu,7.196824,Quadrillion Btu
524,01/09/2016,418.332,Million Metric Tons of Carbon Dioxide,0.792099,Quadrillon Btu,7.744208,Quadrillion Btu,792.704,Trillion Btu,6.856757,Quadrillion Btu
525,01/10/2016,408.976,Million Metric Tons of Carbon Dioxide,0.83479,Quadrillon Btu,7.648843,Quadrillion Btu,839.944,Trillion Btu,7.111063,Quadrillion Btu
526,01/11/2016,405.953,Million Metric Tons of Carbon Dioxide,0.838469,Quadrillon Btu,7.711991,Quadrillion Btu,840.748,Trillion Btu,7.032681,Quadrillion Btu
527,01/12/2016,486.15,Million Metric Tons of Carbon Dioxide,0.938316,Quadrillon Btu,9.074461,Quadrillion Btu,946.918,Trillion Btu,7.203143,Quadrillion Btu
528,01/01/2017,477.207,Million Metric Tons of Carbon Dioxide,0.909486,Quadrillon Btu,8.975976,Quadrillion Btu,931.924,Trillion Btu,7.299273,Quadrillion Btu
529,01/02/2017,396.73,Million Metric Tons of Carbon Dioxide,0.862803,Quadrillon Btu,7.621428,Quadrillion Btu,878.903,Trillion Btu,6.746301,Quadrillion Btu
530,01/03/2017,435.702,Million Metric Tons of Carbon Dioxide,1.018604,Quadrillon Btu,8.430694,Quadrillion Btu,1031.438,Trillion Btu,7.400388,Quadrillion Btu
531,01/04/2017,383.438,Million Metric Tons of Carbon Dioxide,0.998055,Quadrillon Btu,7.452908,Quadrillion Btu,1002.698,Trillion Btu,7.018642,Quadrillion Btu
532,01/05/2017,404.315,Million Metric Tons of Carbon Dioxide,1.038855,Quadrillon Btu,7.79349,Quadrillion Btu,1040.217,Trillion Btu,7.337765,Quadrillion Btu
533,01/06/2017,415.783,Million Metric Tons of Carbon Dioxide,0.994964,Quadrillon Btu,7.958965,Quadrillion Btu,994.665,Trillion Btu,7.306306,Quadrillion Btu
534,01/07/2017,451.327,Million Metric Tons of Carbon Dioxide,0.924182,Quadrillon Btu,8.422125,Quadrillion Btu,929.243,Trillion Btu,7.41491,Quadrillion Btu
535,01/08/2017,444.287,Million Metric Tons of Carbon Dioxide,0.869966,Quadrillon Btu,8.292591,Quadrillion Btu,874.71,Trillion Btu,7.516685,Quadrillion Btu
536,01/09/2017,402.793,Million Metric Tons of Carbon Dioxide,0.840234,Quadrillon Btu,7.618185,Quadrillion Btu,849.622,Trillion Btu,7.230516,Quadrillion Btu
537,01/10/2017,407.891,Million Metric Tons of Carbon Dioxide,0.894765,Quadrillon Btu,7.808618,Quadrillion Btu,905.038,Trillion Btu,7.580905,Quadrillion Btu
538,01/11/2017,425.821,Million Metric Tons of Carbon Dioxide,0.880143,Quadrillon Btu,8.097279,Quadrillion Btu,896.362,Trillion Btu,7.544406,Quadrillion Btu
539,01/12/2017,486.152,Million Metric Tons of Carbon Dioxide,0.909573,Quadrillon Btu,9.187598,Quadrillion Btu,927.922,Trillion Btu,7.737905,Quadrillion Btu
540,01/01/2018,512.079,Million Metric Tons of Carbon Dioxide,0.958427,Quadrillon Btu,9.66464,Quadrillion Btu,977.27,Trillion Btu,7.746415,Quadrillion Btu
541,01/02/2018,414.76,Million Metric Tons of Carbon Dioxide,0.89789,Quadrillon Btu,8.063861,Quadrillion Btu,923.262,Trillion Btu,7.208834,Quadrillion Btu
542,01/03/2018,446.9,Million Metric Tons of Carbon Dioxide,0.999192,Quadrillon Btu,8.705691,Quadrillion Btu,1017.561,Trillion Btu,7.981223,Quadrillion Btu
543,01/04/2018,402.919,Million Metric Tons of Carbon Dioxide,1.006104,Quadrillon Btu,7.886506,Quadrillion Btu,1024.565,Trillion Btu,7.603494,Quadrillion Btu
544,01/05/2018,406.662,Million Metric Tons of Carbon Dioxide,1.048849,Quadrillon Btu,7.98655,Quadrillion Btu,1055.057,Trillion Btu,7.967506,Quadrillion Btu
545,01/06/2018,420.562,Million Metric Tons of Carbon Dioxide,1.019311,Quadrillon Btu,8.143276,Quadrillion Btu,1034.187,Trillion Btu,7.867339,Quadrillion Btu
546,01/07/2018,453.819,Million Metric Tons of Carbon Dioxide,0.93342,Quadrillon Btu,8.610394,Quadrillion Btu,949.301,Trillion Btu,8.113583,Quadrillion Btu
547,01/08/2018,459.209,Million Metric Tons of Carbon Dioxide,0.940081,Quadrillon Btu,8.68992,Quadrillion Btu,954.031,Trillion Btu,8.403663,Quadrillion Btu
548,01/09/2018,414.218,Million Metric Tons of Carbon Dioxide,0.853274,Quadrillon Btu,7.863674,Quadrillion Btu,872.628,Trillion Btu,7.988906,Quadrillion Btu
549,01/10/2018,425.941,Million Metric Tons of Carbon Dioxide,0.891141,Quadrillon Btu,8.086068,Quadrillion Btu,909.746,Trillion Btu,8.265627,Quadrillion Btu
550,01/11/2018,447.999,Million Metric Tons of Carbon Dioxide,0.894512,Quadrillon Btu,8.515365,Quadrillion Btu,913.666,Trillion Btu,8.181565,Quadrillion Btu
551,01/12/2018,472.739,Million Metric Tons of Carbon Dioxide,0.9318,Quadrillon Btu,9.02835,Quadrillion Btu,952.363,Trillion Btu,8.478537,Quadrillion Btu
552,01/01/2019,499.589,Million Metric Tons of Carbon Dioxide,0.928926,Quadrillon Btu,9.54814,Quadrillion Btu,952.997,Trillion Btu,8.531678,Quadrillion Btu
553,01/02/2019,432.652,Million Metric Tons of Carbon Dioxide,0.869917,Quadrillon Btu,8.39209,Quadrillion Btu,883.234,Trillion Btu,7.687937,Quadrillion Btu
554,01/03/2019,448.421,Million Metric Tons of Carbon Dioxide,0.989278,Quadrillon Btu,8.70832,Quadrillion Btu,1000.169,Trillion Btu,8.34368,Quadrillion Btu
555,01/04/2019,383.101,Million Metric Tons of Carbon Dioxide,1.024289,Quadrillon Btu,7.676715,Quadrillion Btu,1040.108,Trillion Btu,8.326834,Quadrillion Btu
556,01/05/2019,398.972,Million Metric Tons of Carbon Dioxide,1.065875,Quadrillon Btu,7.952943,Quadrillion Btu,1074.173,Trillion Btu,8.652165,Quadrillion Btu
557,01/06/2019,401.852,Million Metric Tons of Carbon Dioxide,0.998086,Quadrillon Btu,7.918651,Quadrillion Btu,1010.25,Trillion Btu,8.335429,Quadrillion Btu
558,01/07/2019,442.427,Million Metric Tons of Carbon Dioxide,0.985581,Quadrillon Btu,8.563588,Quadrillion Btu,998.634,Trillion Btu,8.537893,Quadrillion Btu
559,01/08/2019,443.756,Million Metric Tons of Carbon Dioxide,0.93971,Quadrillon Btu,8.566683,Quadrillion Btu,952.886,Trillion Btu,8.765957,Quadrillion Btu
560,01/09/2019,403.69,Million Metric Tons of Carbon Dioxide,0.901455,Quadrillon Btu,7.867671,Quadrillion Btu,912.797,Trillion Btu,8.425401,Quadrillion Btu
561,01/10/2019,404.47,Million Metric Tons of Carbon Dioxide,0.933519,Quadrillon Btu,7.942557,Quadrillion Btu,941.872,Trillion Btu,8.65213,Quadrillion Btu
562,01/11/2019,432.71,Million Metric Tons of Carbon Dioxide,0.900533,Quadrillon Btu,8.396412,Quadrillion Btu,912.369,Trillion Btu,8.46808,Quadrillion Btu
563,01/12/2019,455.258,Million Metric Tons of Carbon Dioxide,0.935555,Quadrillon Btu,8.948567,Quadrillion Btu,952.227,Trillion Btu,8.76354,Quadrillion Btu
564,01/01/2020,450.192,Million Metric Tons of Carbon Dioxide,0.959653,Quadrillon Btu,8.975322,Quadrillion Btu,981.767,Trillion Btu,8.780509,Quadrillion Btu
565,01/02/2020,418.213,Million Metric Tons of Carbon Dioxide,0.967907,Quadrillon Btu,8.368369,Quadrillion Btu,985.684,Trillion Btu,8.131933,Quadrillion Btu
566,01/03/2020,387.613,Million Metric Tons of Carbon Dioxide,0.964364,Quadrillon Btu,7.88535,Quadrillion Btu,995.626,Trillion Btu,8.49423,Quadrillion Btu
567,01/04/2020,305.204,Million Metric Tons of Carbon Dioxide,0.915744,Quadrillon Btu,6.516773,Quadrillion Btu,923.394,Trillion Btu,7.783706,Quadrillion Btu
568,01/05/2020,317.467,Million Metric Tons of Carbon Dioxide,1.022765,Quadrillon Btu,6.830094,Quadrillion Btu,1021.913,Trillion Btu,7.488623,Quadrillion Btu
569,01/06/2020,347.744,Million Metric Tons of Carbon Dioxide,1.038392,Quadrillon Btu,7.276759,Quadrillion Btu,1039.277,Trillion Btu,7.631262,Quadrillion Btu
570,01/07/2020,403.757,Million Metric Tons of Carbon Dioxide,0.986168,Quadrillon Btu,8.068227,Quadrillion Btu,995.43,Trillion Btu,8.022561,Quadrillion Btu
571,01/08/2020,405.826,Million Metric Tons of Carbon Dioxide,0.943762,Quadrillon Btu,8.014567,Quadrillion Btu,955.298,Trillion Btu,7.977449,Quadrillion Btu
572,01/09/2020,363.857,Million Metric Tons of Carbon Dioxide,0.874391,Quadrillon Btu,7.301468,Quadrillion Btu,884.898,Trillion Btu,7.70982,Quadrillion Btu
573,01/10/2020,371.087,Million Metric Tons of Carbon Dioxide,0.918917,Quadrillon Btu,7.477573,Quadrillion Btu,938.857,Trillion Btu,7.763557,Quadrillion Btu
574,01/11/2020,372.578,Million Metric Tons of Carbon Dioxide,0.962745,Quadrillon Btu,7.583259,Quadrillion Btu,981.015,Trillion Btu,7.860431,Quadrillion Btu
575,01/12/2020,436.315,Million Metric Tons of Carbon Dioxide,0.968544,Quadrillon Btu,8.714428,Quadrillion Btu,984.879,Trillion Btu,8.108683,Quadrillion Btu
576,01/01/2021,450.144,Million Metric Tons of Carbon Dioxide,0.977283,Quadrillon Btu,8.962582,Quadrillion Btu,1007.622,Trillion Btu,8.265388,Quadrillion Btu
577,01/02/2021,420.817,Million Metric Tons of Carbon Dioxide,0.877365,Quadrillon Btu,8.164671,Quadrillion Btu,883.73,Trillion Btu,6.872899,Quadrillion Btu
578,01/03/2021,401.269,Million Metric Tons of Carbon Dioxide,1.086705,Quadrillon Btu,8.134114,Quadrillion Btu,1098.236,Trillion Btu,8.369889,Quadrillion Btu
579,01/04/2021,368.591,Million Metric Tons of Carbon Dioxide,1.032916,Quadrillon Btu,7.511126,Quadrillion Btu,1042.578,Trillion Btu,8.009105,Quadrillion Btu
580,01/05/2021,377.284,Million Metric Tons of Carbon Dioxide,1.093312,Quadrillon Btu,7.723095,Quadrillion Btu,1101.025,Trillion Btu,8.391275,Quadrillion Btu
581,01/06/2021,404.598,Million Metric Tons of Carbon Dioxide,1.025652,Quadrillon Btu,8.04777,Quadrillion Btu,1037.713,Trillion Btu,8.170419,Quadrillion Btu
582,01/07/2021,431.407,Million Metric Tons of Carbon Dioxide,0.980824,Quadrillon Btu,8.408373,Quadrillion Btu,993.482,Trillion Btu,8.35283,Quadrillion Btu
583,01/08/2021,437.573,Million Metric Tons of Carbon Dioxide,1.003764,Quadrillon Btu,8.522359,Quadrillion Btu,1010.054,Trillion Btu,8.418215,Quadrillion Btu
584,01/09/2021,389.73,Million Metric Tons of Carbon Dioxide,0.961973,Quadrillon Btu,7.731151,Quadrillion Btu,972.202,Trillion Btu,8.068233,Quadrillion Btu
585,01/10/2021,389.111,Million Metric Tons of Carbon Dioxide,1.002461,Quadrillon Btu,7.768432,Quadrillion Btu,1011.388,Trillion Btu,8.377685,Quadrillion Btu
586,01/11/2021,404.364,Million Metric Tons of Carbon Dioxide,1.023147,Quadrillon Btu,8.16091,Quadrillion Btu,1043.514,Trillion Btu,8.35328,Quadrillion Btu
587,01/12/2021,429.521,Million Metric Tons of Carbon Dioxide,1.106222,Quadrillon Btu,8.772377,Quadrillion Btu,1133.127,Trillion Btu,8.688033,Quadrillion Btu
588,01/01/2022,479.942,Million Metric Tons of Carbon Dioxide,1.093191,Quadrillon Btu,9.534035,Quadrillion Btu,1129.393,Trillion Btu,8.540763,Quadrillion Btu
589,01/02/2022,422.986,Million Metric Tons of Carbon Dioxide,1.047077,Quadrillon Btu,8.468978,Quadrillion Btu,1072.11,Trillion Btu,7.775181,Quadrillion Btu
590,01/03/2022,419.288,Million Metric Tons of Carbon Dioxide,1.191421,Quadrillon Btu,8.553988,Quadrillion Btu,1211.101,Trillion Btu,8.691271,Quadrillion Btu
591,01/04/2022,376.096,Million Metric Tons of Carbon Dioxide,1.165428,Quadrillon Btu,7.76329,Quadrillion Btu,1177.093,Trillion Btu,8.318758,Quadrillion Btu
592,01/05/2022,383.041,Million Metric Tons of Carbon Dioxide,1.202818,Quadrillon Btu,7.948937,Quadrillion Btu,1222.225,Trillion Btu,8.737765,Quadrillion Btu
593,01/06/2022,398.85,Million Metric Tons of Carbon Dioxide,1.166464,Quadrillon Btu,8.167087,Quadrillion Btu,1182.656,Trillion Btu,8.574471,Quadrillion Btu
594,01/07/2022,428.532,Million Metric Tons of Carbon Dioxide,1.122081,Quadrillon Btu,8.608685,Quadrillion Btu,1143.321,Trillion Btu,8.794476,Quadrillion Btu
595,01/08/2022,430.354,Million Metric Tons of Carbon Dioxide,1.046663,Quadrillon Btu,8.543537,Quadrillion Btu,1054.886,Trillion Btu,8.812102,Quadrillion Btu
