,date,total_co2_emissions,co2_units,total_renewable_consum,renewable_consum_units,total_energy_consum,energy_cons_units,total_renewable_prod,renewable_prod_units,total_energy_prod,energy_prod_units
0,1973-01-01,454.077,Million Metric Tons of Carbon Dioxide,403.981,Trillion Btu,7.223873,Quadrillion Btu,403.981,Trillion Btu,5.404715,Quadrillion Btu
1,1973-02-01,415.098,Million Metric Tons of Carbon Dioxide,360.9,Trillion Btu,6.592366,Quadrillion Btu,360.9,Trillion Btu,5.155115,Quadrillion Btu
2,1973-03-01,407.423,Million Metric Tons of Carbon Dioxide,400.161,Trillion Btu,6.521439,Quadrillion Btu,400.161,Trillion Btu,5.419556,Quadrillion Btu
3,1973-04-01,368.205,Million Metric Tons of Carbon Dioxide,380.47,Trillion Btu,5.941729,Quadrillion Btu,380.47,Trillion Btu,5.160812,Quadrillion Btu
4,1973-05-01,376.028,Million Metric Tons of Carbon Dioxide,392.141,Trillion Btu,6.07194,Quadrillion Btu,392.141,Trillion Btu,5.411246,Quadrillion Btu
5,1973-06-01,359.983,Million Metric Tons of Carbon Dioxide,377.232,Trillion Btu,5.802683,Quadrillion Btu,377.232,Trillion Btu,5.167296,Quadrillion Btu
6,1973-07-01,369.765,Million Metric Tons of Carbon Dioxide,367.325,Trillion Btu,5.951909,Quadrillion Btu,367.325,Trillion Btu,5.191492,Quadrillion Btu
7,1973-08-01,385.331,Million Metric Tons of Carbon Dioxide,353.757,Trillion Btu,6.191657,Quadrillion Btu,353.757,Trillion Btu,5.480638,Quadrillion Btu
8,1973-09-01,361.336,Million Metric Tons of Carbon Dioxide,307.006,Trillion Btu,5.773515,Quadrillion Btu,307.006,Trillion Btu,5.124234,Quadrillion Btu
9,1973-10-01,385.389,Million Metric Tons of Carbon Dioxide,323.453,Trillion Btu,6.174862,Quadrillion Btu,323.453,Trillion Btu,5.403745,Quadrillion Btu
10,1973-11-01,408.419,Million Metric Tons of Carbon Dioxide,337.817,Trillion Btu,6.519033,Quadrillion Btu,337.817,Trillion Btu,5.237093,Quadrillion Btu
11,1973-12-01,429.789,Million Metric Tons of Carbon Dioxide,406.694,Trillion Btu,6.886904,Quadrillion Btu,406.694,Trillion Btu,5.374447,Quadrillion Btu
12,1974-01-01,429.201,Million Metric Tons of Carbon Dioxide,437.467,Trillion Btu,6.904043,Quadrillion Btu,437.467,Trillion Btu,5.483364,Quadrillion Btu
13,1974-02-01,390.726,Million Metric Tons of Carbon Dioxide,399.942,Trillion Btu,6.3143,Quadrillion Btu,399.942,Trillion Btu,5.060362,Quadrillion Btu
14,1974-03-01,392.583,Million Metric Tons of Carbon Dioxide,423.474,Trillion Btu,6.370767,Quadrillion Btu,423.474,Trillion Btu,5.402702,Quadrillion Btu
15,1974-04-01,361.088,Million Metric Tons of Carbon Dioxide,422.323,Trillion Btu,5.861066,Quadrillion Btu,422.323,Trillion Btu,5.277046,Quadrillion Btu
16,1974-05-01,360.241,Million Metric Tons of Carbon Dioxide,427.657,Trillion Btu,5.864485,Quadrillion Btu,427.657,Trillion Btu,5.467495,Quadrillion Btu
17,1974-06-01,346.979,Million Metric Tons of Carbon Dioxide,409.281,Trillion Btu,5.642248,Quadrillion Btu,409.281,Trillion Btu,5.045352,Quadrillion Btu
18,1974-07-01,367.633,Million Metric Tons of Carbon Dioxide,409.719,Trillion Btu,5.985353,Quadrillion Btu,409.719,Trillion Btu,5.239915,Quadrillion Btu
19,1974-08-01,370.067,Million Metric Tons of Carbon Dioxide,386.101,Trillion Btu,6.015502,Quadrillion Btu,386.101,Trillion Btu,5.259889,Quadrillion Btu
20,1974-09-01,349.995,Million Metric Tons of Carbon Dioxide,353.91,Trillion Btu,5.711198,Quadrillion Btu,353.91,Trillion Btu,5.090946,Quadrillion Btu
21,1974-10-01,381.654,Million Metric Tons of Carbon Dioxide,343.703,Trillion Btu,6.182018,Quadrillion Btu,343.703,Trillion Btu,5.365003,Quadrillion Btu
22,1974-11-01,385.794,Million Metric Tons of Carbon Dioxide,351.633,Trillion Btu,6.235546,Quadrillion Btu,351.633,Trillion Btu,4.65569,Quadrillion Btu
23,1974-12-01,424.995,Million Metric Tons of Carbon Dioxide,376.642,Trillion Btu,6.842659,Quadrillion Btu,376.642,Trillion Btu,4.960546,Quadrillion Btu
24,1975-01-01,438.55,Million Metric Tons of Carbon Dioxide,392.756,Trillion Btu,7.056118,Quadrillion Btu,392.756,Trillion Btu,5.277898,Quadrillion Btu
25,1975-02-01,384.031,Million Metric Tons of Carbon Dioxide,368.278,Trillion Btu,6.168996,Quadrillion Btu,368.278,Trillion Btu,4.890059,Quadrillion Btu
26,1975-03-01,393.659,Million Metric Tons of Carbon Dioxide,423.49,Trillion Btu,6.383482,Quadrillion Btu,423.49,Trillion Btu,5.230962,Quadrillion Btu
27,1975-04-01,357.98,Million Metric Tons of Carbon Dioxide,405.368,Trillion Btu,5.797914,Quadrillion Btu,405.368,Trillion Btu,5.086106,Quadrillion Btu
28,1975-05-01,336.301,Million Metric Tons of Carbon Dioxide,421.283,Trillion Btu,5.491667,Quadrillion Btu,421.283,Trillion Btu,5.217412,Quadrillion Btu
29,1975-06-01,333.373,Million Metric Tons of Carbon Dioxide,411.622,Trillion Btu,5.435627,Quadrillion Btu,411.622,Trillion Btu,5.105715,Quadrillion Btu
30,1975-07-01,346.887,Million Metric Tons of Carbon Dioxide,398.459,Trillion Btu,5.669107,Quadrillion Btu,398.459,Trillion Btu,4.964138,Quadrillion Btu
31,1975-08-01,353.319,Million Metric Tons of Carbon Dioxide,368.23,Trillion Btu,5.744318,Quadrillion Btu,368.23,Trillion Btu,5.061959,Quadrillion Btu
32,1975-09-01,336.736,Million Metric Tons of Carbon Dioxide,341.957,Trillion Btu,5.498393,Quadrillion Btu,341.957,Trillion Btu,4.987107,Quadrillion Btu
33,1975-10-01,360.533,Million Metric Tons of Carbon Dioxide,368.786,Trillion Btu,5.908704,Quadrillion Btu,368.786,Trillion Btu,5.230146,Quadrillion Btu
34,1975-11-01,358.024,Million Metric Tons of Carbon Dioxide,383.196,Trillion Btu,5.850411,Quadrillion Btu,383.196,Trillion Btu,5.001053,Quadrillion Btu
35,1975-12-01,428.516,Million Metric Tons of Carbon Dioxide,403.696,Trillion Btu,6.926691,Quadrillion Btu,403.696,Trillion Btu,5.230896,Quadrillion Btu
36,1976-01-01,452.381,Million Metric Tons of Carbon Dioxide,421.775,Trillion Btu,7.312324,Quadrillion Btu,421.775,Trillion Btu,5.19414,Quadrillion Btu
37,1976-02-01,394.215,Million Metric Tons of Carbon Dioxide,396.173,Trillion Btu,6.393452,Quadrillion Btu,396.173,Trillion Btu,4.971436,Quadrillion Btu
38,1976-03-01,395.74,Million Metric Tons of Carbon Dioxide,427.044,Trillion Btu,6.391633,Quadrillion Btu,427.044,Trillion Btu,5.335003,Quadrillion Btu
39,1976-04-01,364.365,Million Metric Tons of Carbon Dioxide,396.931,Trillion Btu,5.855319,Quadrillion Btu,396.931,Trillion Btu,5.061299,Quadrillion Btu
40,1976-05-01,356.969,Million Metric Tons of Carbon Dioxide,415.728,Trillion Btu,5.793322,Quadrillion Btu,415.728,Trillion Btu,5.169888,Quadrillion Btu
41,1976-06-01,357.673,Million Metric Tons of Carbon Dioxide,411.555,Trillion Btu,5.824544,Quadrillion Btu,411.555,Trillion Btu,5.16109,Quadrillion Btu
42,1976-07-01,369.419,Million Metric Tons of Carbon Dioxide,421.425,Trillion Btu,6.024682,Quadrillion Btu,421.425,Trillion Btu,4.930762,Quadrillion Btu
43,1976-08-01,366.963,Million Metric Tons of Carbon Dioxide,398.129,Trillion Btu,5.970726,Quadrillion Btu,398.129,Trillion Btu,5.088436,Quadrillion Btu
44,1976-09-01,353.909,Million Metric Tons of Carbon Dioxide,356.984,Trillion Btu,5.739519,Quadrillion Btu,356.984,Trillion Btu,5.07888,Quadrillion Btu
45,1976-10-01,384.212,Million Metric Tons of Carbon Dioxide,369.186,Trillion Btu,6.244598,Quadrillion Btu,369.186,Trillion Btu,5.161777,Quadrillion Btu
46,1976-11-01,419.899,Million Metric Tons of Carbon Dioxide,351.386,Trillion Btu,6.729925,Quadrillion Btu,351.386,Trillion Btu,5.07694,Quadrillion Btu
47,1976-12-01,478.786,Million Metric Tons of Carbon Dioxide,360.834,Trillion Btu,7.658479,Quadrillion Btu,360.834,Trillion Btu,5.292846,Quadrillion Btu
48,1977-01-01,489.057,Million Metric Tons of Carbon Dioxide,378.521,Trillion Btu,7.852451,Quadrillion Btu,378.521,Trillion Btu,4.933563,Quadrillion Btu
49,1977-02-01,418.716,Million Metric Tons of Carbon Dioxide,304.328,Trillion Btu,6.654863,Quadrillion Btu,304.328,Trillion Btu,4.767677,Quadrillion Btu
50,1977-03-01,407.834,Million Metric Tons of Carbon Dioxide,368.966,Trillion Btu,6.573861,Quadrillion Btu,368.966,Trillion Btu,5.479659,Quadrillion Btu
51,1977-04-01,369.907,Million Metric Tons of Carbon Dioxide,351.301,Trillion Btu,5.979305,Quadrillion Btu,351.301,Trillion Btu,5.162437,Quadrillion Btu
52,1977-05-01,370.199,Million Metric Tons of Carbon Dioxide,356.923,Trillion Btu,5.997456,Quadrillion Btu,356.923,Trillion Btu,5.301077,Quadrillion Btu
53,1977-06-01,376.595,Million Metric Tons of Carbon Dioxide,336.485,Trillion Btu,6.08589,Quadrillion Btu,336.485,Trillion Btu,5.213369,Quadrillion Btu
54,1977-07-01,387.715,Million Metric Tons of Carbon Dioxide,336.903,Trillion Btu,6.195785,Quadrillion Btu,336.903,Trillion Btu,4.989057,Quadrillion Btu
55,1977-08-01,391.245,Million Metric Tons of Carbon Dioxide,335.881,Trillion Btu,6.300623,Quadrillion Btu,335.881,Trillion Btu,5.188426,Quadrillion Btu
56,1977-09-01,377.073,Million Metric Tons of Carbon Dioxide,328.075,Trillion Btu,6.080223,Quadrillion Btu,328.075,Trillion Btu,5.342555,Quadrillion Btu
57,1977-10-01,387.88,Million Metric Tons of Carbon Dioxide,341.368,Trillion Btu,6.272418,Quadrillion Btu,341.368,Trillion Btu,5.416721,Quadrillion Btu
58,1977-11-01,399.895,Million Metric Tons of Carbon Dioxide,370.168,Trillion Btu,6.485295,Quadrillion Btu,370.168,Trillion Btu,5.401081,Quadrillion Btu
59,1977-12-01,458.996,Million Metric Tons of Carbon Dioxide,400.048,Trillion Btu,7.442248,Quadrillion Btu,400.048,Trillion Btu,4.777722,Quadrillion Btu
60,1978-01-01,469.707,Million Metric Tons of Carbon Dioxide,438.983,Trillion Btu,7.721485,Quadrillion Btu,438.983,Trillion Btu,4.637601,Quadrillion Btu
61,1978-02-01,430.266,Million Metric Tons of Carbon Dioxide,391.866,Trillion Btu,7.052381,Quadrillion Btu,391.866,Trillion Btu,4.3068,Quadrillion Btu
62,1978-03-01,422.298,Million Metric Tons of Carbon Dioxide,433.459,Trillion Btu,6.965503,Quadrillion Btu,433.459,Trillion Btu,5.031442,Quadrillion Btu
63,1978-04-01,376.535,Million Metric Tons of Carbon Dioxide,434.379,Trillion Btu,6.169931,Quadrillion Btu,434.379,Trillion Btu,5.332575,Quadrillion Btu
64,1978-05-01,385.68,Million Metric Tons of Carbon Dioxide,475.883,Trillion Btu,6.337994,Quadrillion Btu,475.883,Trillion Btu,5.658523,Quadrillion Btu
65,1978-06-01,374.963,Million Metric Tons of Carbon Dioxide,432.628,Trillion Btu,6.149904,Quadrillion Btu,432.628,Trillion Btu,5.471656,Quadrillion Btu
66,1978-07-01,386.45,Million Metric Tons of Carbon Dioxide,431.461,Trillion Btu,6.34019,Quadrillion Btu,431.461,Trillion Btu,5.337581,Quadrillion Btu
67,1978-08-01,399.67,Million Metric Tons of Carbon Dioxide,408.417,Trillion Btu,6.496081,Quadrillion Btu,408.417,Trillion Btu,5.530277,Quadrillion Btu
68,1978-09-01,374.428,Million Metric Tons of Carbon Dioxide,392.287,Trillion Btu,6.087552,Quadrillion Btu,392.287,Trillion Btu,5.199372,Quadrillion Btu
69,1978-10-01,393.061,Million Metric Tons of Carbon Dioxide,379.436,Trillion Btu,6.425237,Quadrillion Btu,379.436,Trillion Btu,5.590153,Quadrillion Btu
70,1978-11-01,410.36,Million Metric Tons of Carbon Dioxide,379.078,Trillion Btu,6.685469,Quadrillion Btu,379.078,Trillion Btu,5.507736,Quadrillion Btu
71,1978-12-01,460.609,Million Metric Tons of Carbon Dioxide,407.564,Trillion Btu,7.474491,Quadrillion Btu,407.564,Trillion Btu,5.456588,Quadrillion Btu
72,1979-01-01,494.61,Million Metric Tons of Carbon Dioxide,447.796,Trillion Btu,8.092205,Quadrillion Btu,447.796,Trillion Btu,5.492573,Quadrillion Btu
73,1979-02-01,454.419,Million Metric Tons of Carbon Dioxide,390.487,Trillion Btu,7.410205,Quadrillion Btu,390.487,Trillion Btu,5.080815,Quadrillion Btu
74,1979-03-01,435.909,Million Metric Tons of Carbon Dioxide,457.799,Trillion Btu,7.150421,Quadrillion Btu,457.799,Trillion Btu,5.675084,Quadrillion Btu
75,1979-04-01,383.215,Million Metric Tons of Carbon Dioxide,445.932,Trillion Btu,6.28742,Quadrillion Btu,445.932,Trillion Btu,5.416962,Quadrillion Btu
76,1979-05-01,387.9,Million Metric Tons of Carbon Dioxide,489.08,Trillion Btu,6.346644,Quadrillion Btu,489.08,Trillion Btu,5.629804,Quadrillion Btu
77,1979-06-01,378.382,Million Metric Tons of Carbon Dioxide,441.683,Trillion Btu,6.14307,Quadrillion Btu,441.683,Trillion Btu,5.464221,Quadrillion Btu
78,1979-07-01,385.896,Million Metric Tons of Carbon Dioxide,424.513,Trillion Btu,6.276536,Quadrillion Btu,424.513,Trillion Btu,5.175111,Quadrillion Btu
79,1979-08-01,398.588,Million Metric Tons of Carbon Dioxide,409.21,Trillion Btu,6.492996,Quadrillion Btu,409.21,Trillion Btu,5.662156,Quadrillion Btu
80,1979-09-01,370.657,Million Metric Tons of Carbon Dioxide,378.903,Trillion Btu,6.052908,Quadrillion Btu,378.903,Trillion Btu,5.333679,Quadrillion Btu
81,1979-10-01,399.951,Million Metric Tons of Carbon Dioxide,397.602,Trillion Btu,6.54322,Quadrillion Btu,397.602,Trillion Btu,5.804281,Quadrillion Btu
82,1979-11-01,408.19,Million Metric Tons of Carbon Dioxide,414.74,Trillion Btu,6.679042,Quadrillion Btu,414.74,Trillion Btu,5.571737,Quadrillion Btu
83,1979-12-01,452.131,Million Metric Tons of Carbon Dioxide,425.109,Trillion Btu,7.337632,Quadrillion Btu,425.109,Trillion Btu,5.544708,Quadrillion Btu
84,1980-01-01,463.846,Million Metric Tons of Carbon Dioxide,478.943,Trillion Btu,7.565016,Quadrillion Btu,478.943,Trillion Btu,5.808102,Quadrillion Btu
85,1980-02-01,438.273,Million Metric Tons of Carbon Dioxide,424.298,Trillion Btu,7.123145,Quadrillion Btu,424.298,Trillion Btu,5.439163,Quadrillion Btu
86,1980-03-01,427.793,Million Metric Tons of Carbon Dioxide,469.134,Trillion Btu,7.021907,Quadrillion Btu,469.134,Trillion Btu,5.835658,Quadrillion Btu
87,1980-04-01,373.654,Million Metric Tons of Carbon Dioxide,477.356,Trillion Btu,6.158453,Quadrillion Btu,477.356,Trillion Btu,5.591598,Quadrillion Btu
88,1980-05-01,361.096,Million Metric Tons of Carbon Dioxide,517.456,Trillion Btu,6.00737,Quadrillion Btu,517.456,Trillion Btu,5.728859,Quadrillion Btu
89,1980-06-01,355.276,Million Metric Tons of Carbon Dioxide,497.768,Trillion Btu,5.872463,Quadrillion Btu,497.768,Trillion Btu,5.530702,Quadrillion Btu
90,1980-07-01,376.494,Million Metric Tons of Carbon Dioxide,471.331,Trillion Btu,6.135448,Quadrillion Btu,471.331,Trillion Btu,5.388052,Quadrillion Btu
91,1980-08-01,371.735,Million Metric Tons of Carbon Dioxide,429.358,Trillion Btu,6.063599,Quadrillion Btu,429.358,Trillion Btu,5.477215,Quadrillion Btu
92,1980-09-01,363.255,Million Metric Tons of Carbon Dioxide,401.712,Trillion Btu,5.970443,Quadrillion Btu,401.712,Trillion Btu,5.434372,Quadrillion Btu
93,1980-10-01,382.006,Million Metric Tons of Carbon Dioxide,402.564,Trillion Btu,6.31659,Quadrillion Btu,402.564,Trillion Btu,5.632099,Quadrillion Btu
94,1980-11-01,391.412,Million Metric Tons of Carbon Dioxide,409.876,Trillion Btu,6.420238,Quadrillion Btu,409.876,Trillion Btu,5.467152,Quadrillion Btu
95,1980-12-01,451.282,Million Metric Tons of Carbon Dioxide,448.546,Trillion Btu,7.363795,Quadrillion Btu,448.546,Trillion Btu,5.814526,Quadrillion Btu
96,1981-01-01,470.139,Million Metric Tons of Carbon Dioxide,462.381,Trillion Btu,7.639252,Quadrillion Btu,462.381,Trillion Btu,5.657948,Quadrillion Btu
97,1981-02-01,396.738,Million Metric Tons of Carbon Dioxide,427.043,Trillion Btu,6.484509,Quadrillion Btu,427.043,Trillion Btu,5.37611,Quadrillion Btu
98,1981-03-01,401.675,Million Metric Tons of Carbon Dioxide,443.808,Trillion Btu,6.60621,Quadrillion Btu,443.808,Trillion Btu,5.88842,Quadrillion Btu
99,1981-04-01,356.392,Million Metric Tons of Carbon Dioxide,438.02,Trillion Btu,5.875206,Quadrillion Btu,438.02,Trillion Btu,4.800945,Quadrillion Btu
100,1981-05-01,357.33,Million Metric Tons of Carbon Dioxide,480.423,Trillion Btu,5.93955,Quadrillion Btu,480.423,Trillion Btu,4.943181,Quadrillion Btu
101,1981-06-01,363.174,Million Metric Tons of Carbon Dioxide,496.995,Trillion Btu,5.995702,Quadrillion Btu,496.995,Trillion Btu,5.402967,Quadrillion Btu
102,1981-07-01,380.573,Million Metric Tons of Carbon Dioxide,491.304,Trillion Btu,6.208435,Quadrillion Btu,491.304,Trillion Btu,5.752973,Quadrillion Btu
103,1981-08-01,372.829,Million Metric Tons of Carbon Dioxide,454.028,Trillion Btu,6.112916,Quadrillion Btu,454.028,Trillion Btu,5.928355,Quadrillion Btu
104,1981-09-01,356.176,Million Metric Tons of Carbon Dioxide,407.22,Trillion Btu,5.820751,Quadrillion Btu,407.22,Trillion Btu,5.740055,Quadrillion Btu
105,1981-10-01,375.812,Million Metric Tons of Carbon Dioxide,416.966,Trillion Btu,6.144075,Quadrillion Btu,416.966,Trillion Btu,5.897764,Quadrillion Btu
106,1981-11-01,374.12,Million Metric Tons of Carbon Dioxide,418.476,Trillion Btu,6.13831,Quadrillion Btu,418.476,Trillion Btu,5.623842,Quadrillion Btu
107,1981-12-01,431.456,Million Metric Tons of Carbon Dioxide,477.024,Trillion Btu,7.088566,Quadrillion Btu,477.024,Trillion Btu,5.896682,Quadrillion Btu
108,1982-01-01,453.138,Million Metric Tons of Carbon Dioxide,514.44,Trillion Btu,7.448166,Quadrillion Btu,514.44,Trillion Btu,5.717164,Quadrillion Btu
109,1982-02-01,393.919,Million Metric Tons of Carbon Dioxide,489.624,Trillion Btu,6.471248,Quadrillion Btu,489.624,Trillion Btu,5.441978,Quadrillion Btu
110,1982-03-01,393.056,Million Metric Tons of Carbon Dioxide,544.724,Trillion Btu,6.544007,Quadrillion Btu,544.724,Trillion Btu,6.064058,Quadrillion Btu
111,1982-04-01,363.779,Million Metric Tons of Carbon Dioxide,517.128,Trillion Btu,6.040586,Quadrillion Btu,517.128,Trillion Btu,5.62896,Quadrillion Btu
112,1982-05-01,337.326,Million Metric Tons of Carbon Dioxide,525.795,Trillion Btu,5.602379,Quadrillion Btu,525.795,Trillion Btu,5.622018,Quadrillion Btu
113,1982-06-01,332.924,Million Metric Tons of Carbon Dioxide,518.974,Trillion Btu,5.572673,Quadrillion Btu,518.974,Trillion Btu,5.54507,Quadrillion Btu
114,1982-07-01,351.736,Million Metric Tons of Carbon Dioxide,519.267,Trillion Btu,5.835852,Quadrillion Btu,519.267,Trillion Btu,5.39141,Quadrillion Btu
115,1982-08-01,353.113,Million Metric Tons of Carbon Dioxide,483.203,Trillion Btu,5.818627,Quadrillion Btu,483.203,Trillion Btu,5.589074,Quadrillion Btu
116,1982-09-01,334.095,Million Metric Tons of Carbon Dioxide,433.748,Trillion Btu,5.549273,Quadrillion Btu,433.748,Trillion Btu,5.328563,Quadrillion Btu
117,1982-10-01,343.768,Million Metric Tons of Carbon Dioxide,439.874,Trillion Btu,5.726507,Quadrillion Btu,439.874,Trillion Btu,5.461999,Quadrillion Btu
118,1982-11-01,359.2,Million Metric Tons of Carbon Dioxide,469.93,Trillion Btu,5.978943,Quadrillion Btu,469.93,Trillion Btu,5.308096,Quadrillion Btu
119,1982-12-01,388.392,Million Metric Tons of Carbon Dioxide,522.93,Trillion Btu,6.458452,Quadrillion Btu,522.93,Trillion Btu,5.428255,Quadrillion Btu
120,1983-01-01,410.977,Million Metric Tons of Carbon Dioxide,562.279,Trillion Btu,6.907502,Quadrillion Btu,562.279,Trillion Btu,5.538015,Quadrillion Btu
121,1983-02-01,359.932,Million Metric Tons of Carbon Dioxide,523.276,Trillion Btu,6.065647,Quadrillion Btu,523.276,Trillion Btu,5.05439,Quadrillion Btu
122,1983-03-01,381.898,Million Metric Tons of Carbon Dioxide,572.853,Trillion Btu,6.431871,Quadrillion Btu,572.853,Trillion Btu,5.498964,Quadrillion Btu
123,1983-04-01,347.691,Million Metric Tons of Carbon Dioxide,561.458,Trillion Btu,5.869679,Quadrillion Btu,561.458,Trillion Btu,5.23994,Quadrillion Btu
124,1983-05-01,336.789,Million Metric Tons of Carbon Dioxide,581.741,Trillion Btu,5.692724,Quadrillion Btu,581.741,Trillion Btu,5.313155,Quadrillion Btu
125,1983-06-01,337.938,Million Metric Tons of Carbon Dioxide,569.493,Trillion Btu,5.677988,Quadrillion Btu,569.493,Trillion Btu,5.203508,Quadrillion Btu
126,1983-07-01,361.486,Million Metric Tons of Carbon Dioxide,550.993,Trillion Btu,5.941322,Quadrillion Btu,550.993,Trillion Btu,5.155909,Quadrillion Btu
127,1983-08-01,375.342,Million Metric Tons of Carbon Dioxide,528.288,Trillion Btu,6.128631,Quadrillion Btu,528.288,Trillion Btu,5.524655,Quadrillion Btu
128,1983-09-01,346.636,Million Metric Tons of Carbon Dioxide,476.173,Trillion Btu,5.699808,Quadrillion Btu,476.173,Trillion Btu,5.295724,Quadrillion Btu
129,1983-10-01,346.226,Million Metric Tons of Carbon Dioxide,474.251,Trillion Btu,5.701452,Quadrillion Btu,474.251,Trillion Btu,5.454585,Quadrillion Btu
130,1983-11-01,359.891,Million Metric Tons of Carbon Dioxide,507.035,Trillion Btu,5.935601,Quadrillion Btu,507.035,Trillion Btu,5.354621,Quadrillion Btu
131,1983-12-01,419.136,Million Metric Tons of Carbon Dioxide,587.773,Trillion Btu,6.863357,Quadrillion Btu,587.773,Trillion Btu,5.432865,Quadrillion Btu
132,1984-01-01,461.982,Million Metric Tons of Carbon Dioxide,570.081,Trillion Btu,7.654075,Quadrillion Btu,570.081,Trillion Btu,5.862227,Quadrillion Btu
133,1984-02-01,394.517,Million Metric Tons of Carbon Dioxide,535.239,Trillion Btu,6.623097,Quadrillion Btu,535.239,Trillion Btu,5.613797,Quadrillion Btu
134,1984-03-01,411.445,Million Metric Tons of Carbon Dioxide,579.04,Trillion Btu,6.858673,Quadrillion Btu,579.04,Trillion Btu,5.935904,Quadrillion Btu
135,1984-04-01,374.011,Million Metric Tons of Carbon Dioxide,566.019,Trillion Btu,6.270456,Quadrillion Btu,566.019,Trillion Btu,5.642434,Quadrillion Btu
136,1984-05-01,365.965,Million Metric Tons of Carbon Dioxide,593.504,Trillion Btu,6.170762,Quadrillion Btu,593.504,Trillion Btu,5.940699,Quadrillion Btu
137,1984-06-01,362.688,Million Metric Tons of Carbon Dioxide,553.321,Trillion Btu,6.026485,Quadrillion Btu,553.321,Trillion Btu,5.668685,Quadrillion Btu
138,1984-07-01,371.365,Million Metric Tons of Carbon Dioxide,547.618,Trillion Btu,6.155513,Quadrillion Btu,547.618,Trillion Btu,5.778721,Quadrillion Btu
139,1984-08-01,384.132,Million Metric Tons of Carbon Dioxide,524.053,Trillion Btu,6.323114,Quadrillion Btu,524.053,Trillion Btu,6.086219,Quadrillion Btu
140,1984-09-01,347.688,Million Metric Tons of Carbon Dioxide,470.91,Trillion Btu,5.761176,Quadrillion Btu,470.91,Trillion Btu,5.67677,Quadrillion Btu
141,1984-10-01,363.325,Million Metric Tons of Carbon Dioxide,479.62,Trillion Btu,5.960973,Quadrillion Btu,479.62,Trillion Btu,5.548527,Quadrillion Btu
142,1984-11-01,373.221,Million Metric Tons of Carbon Dioxide,486.11,Trillion Btu,6.100793,Quadrillion Btu,486.11,Trillion Btu,5.389197,Quadrillion Btu
143,1984-12-01,402.536,Million Metric Tons of Carbon Dioxide,532.347,Trillion Btu,6.666436,Quadrillion Btu,532.347,Trillion Btu,5.656405,Quadrillion Btu
144,1985-01-01,444.854,Million Metric Tons of Carbon Dioxide,555.205,Trillion Btu,7.377254,Quadrillion Btu,555.205,Trillion Btu,5.808399,Quadrillion Btu
145,1985-02-01,411.498,Million Metric Tons of Carbon Dioxide,511.838,Trillion Btu,6.880264,Quadrillion Btu,511.838,Trillion Btu,5.412689,Quadrillion Btu
146,1985-03-01,394.696,Million Metric Tons of Carbon Dioxide,525.002,Trillion Btu,6.577553,Quadrillion Btu,525.002,Trillion Btu,5.840459,Quadrillion Btu
147,1985-04-01,367.994,Million Metric Tons of Carbon Dioxide,512.937,Trillion Btu,6.10613,Quadrillion Btu,512.937,Trillion Btu,5.599237,Quadrillion Btu
148,1985-05-01,361.573,Million Metric Tons of Carbon Dioxide,542.968,Trillion Btu,6.005352,Quadrillion Btu,542.968,Trillion Btu,5.754526,Quadrillion Btu
149,1985-06-01,353.778,Million Metric Tons of Carbon Dioxide,507.33,Trillion Btu,5.88048,Quadrillion Btu,507.33,Trillion Btu,5.504928,Quadrillion Btu
150,1985-07-01,374.455,Million Metric Tons of Carbon Dioxide,489.577,Trillion Btu,6.187443,Quadrillion Btu,489.577,Trillion Btu,5.519414,Quadrillion Btu
151,1985-08-01,380.667,Million Metric Tons of Carbon Dioxide,475.912,Trillion Btu,6.256987,Quadrillion Btu,475.912,Trillion Btu,5.702836,Quadrillion Btu
152,1985-09-01,345.792,Million Metric Tons of Carbon Dioxide,454.274,Trillion Btu,5.759,Quadrillion Btu,454.274,Trillion Btu,5.494752,Quadrillion Btu
153,1985-10-01,364.384,Million Metric Tons of Carbon Dioxide,475.406,Trillion Btu,6.026246,Quadrillion Btu,475.406,Trillion Btu,5.736249,Quadrillion Btu
154,1985-11-01,366.589,Million Metric Tons of Carbon Dioxide,499.606,Trillion Btu,6.059118,Quadrillion Btu,499.606,Trillion Btu,5.451384,Quadrillion Btu
155,1985-12-01,439.075,Million Metric Tons of Carbon Dioxide,533.96,Trillion Btu,7.219105,Quadrillion Btu,533.96,Trillion Btu,5.836425,Quadrillion Btu
156,1986-01-01,449.847,Million Metric Tons of Carbon Dioxide,486.064,Trillion Btu,7.395548,Quadrillion Btu,486.064,Trillion Btu,6.012402,Quadrillion Btu
157,1986-02-01,399.896,Million Metric Tons of Carbon Dioxide,479.122,Trillion Btu,6.620399,Quadrillion Btu,479.122,Trillion Btu,5.460015,Quadrillion Btu
158,1986-03-01,407.06,Million Metric Tons of Carbon Dioxide,558.538,Trillion Btu,6.775964,Quadrillion Btu,558.538,Trillion Btu,5.850002,Quadrillion Btu
159,1986-04-01,363.838,Million Metric Tons of Carbon Dioxide,539.897,Trillion Btu,6.109551,Quadrillion Btu,539.897,Trillion Btu,5.526781,Quadrillion Btu
160,1986-05-01,363.54,Million Metric Tons of Carbon Dioxide,545.072,Trillion Btu,6.099383,Quadrillion Btu,545.072,Trillion Btu,5.588407,Quadrillion Btu
161,1986-06-01,363.858,Million Metric Tons of Carbon Dioxide,527.412,Trillion Btu,6.015826,Quadrillion Btu,527.412,Trillion Btu,5.396746,Quadrillion Btu
162,1986-07-01,387.586,Million Metric Tons of Carbon Dioxide,513.292,Trillion Btu,6.354208,Quadrillion Btu,513.292,Trillion Btu,5.429051,Quadrillion Btu
163,1986-08-01,377.2,Million Metric Tons of Carbon Dioxide,482.847,Trillion Btu,6.223701,Quadrillion Btu,482.847,Trillion Btu,5.547289,Quadrillion Btu
164,1986-09-01,348.993,Million Metric Tons of Carbon Dioxide,472.114,Trillion Btu,5.818638,Quadrillion Btu,472.114,Trillion Btu,5.37061,Quadrillion Btu
165,1986-10-01,361.669,Million Metric Tons of Carbon Dioxide,482.113,Trillion Btu,6.039911,Quadrillion Btu,482.113,Trillion Btu,5.633734,Quadrillion Btu
166,1986-11-01,368.296,Million Metric Tons of Carbon Dioxide,492.321,Trillion Btu,6.119265,Quadrillion Btu,492.321,Trillion Btu,5.45374,Quadrillion Btu
167,1986-12-01,423.879,Million Metric Tons of Carbon Dioxide,532.346,Trillion Btu,7.027262,Quadrillion Btu,532.346,Trillion Btu,5.761479,Quadrillion Btu
168,1987-01-01,448.341,Million Metric Tons of Carbon Dioxide,521.265,Trillion Btu,7.472334,Quadrillion Btu,521.265,Trillion Btu,5.870465,Quadrillion Btu
169,1987-02-01,402.627,Million Metric Tons of Carbon Dioxide,452.878,Trillion Btu,6.729068,Quadrillion Btu,452.878,Trillion Btu,5.363363,Quadrillion Btu
170,1987-03-01,403.41,Million Metric Tons of Carbon Dioxide,498.782,Trillion Btu,6.767036,Quadrillion Btu,498.782,Trillion Btu,5.764016,Quadrillion Btu
171,1987-04-01,378.647,Million Metric Tons of Carbon Dioxide,477.656,Trillion Btu,6.313868,Quadrillion Btu,477.656,Trillion Btu,5.445351,Quadrillion Btu
172,1987-05-01,372.334,Million Metric Tons of Carbon Dioxide,509.032,Trillion Btu,6.199256,Quadrillion Btu,509.032,Trillion Btu,5.487331,Quadrillion Btu
173,1987-06-01,381.889,Million Metric Tons of Carbon Dioxide,466.873,Trillion Btu,6.280222,Quadrillion Btu,466.873,Trillion Btu,5.484367,Quadrillion Btu
174,1987-07-01,406.176,Million Metric Tons of Carbon Dioxide,467.691,Trillion Btu,6.626659,Quadrillion Btu,467.691,Trillion Btu,5.429708,Quadrillion Btu
175,1987-08-01,399.224,Million Metric Tons of Carbon Dioxide,448.986,Trillion Btu,6.514555,Quadrillion Btu,448.986,Trillion Btu,5.679521,Quadrillion Btu
176,1987-09-01,369.47,Million Metric Tons of Carbon Dioxide,437.201,Trillion Btu,6.123881,Quadrillion Btu,437.201,Trillion Btu,5.572598,Quadrillion Btu
177,1987-10-01,386.11,Million Metric Tons of Carbon Dioxide,442.655,Trillion Btu,6.362769,Quadrillion Btu,442.655,Trillion Btu,5.820707,Quadrillion Btu
178,1987-11-01,384.997,Million Metric Tons of Carbon Dioxide,423.208,Trillion Btu,6.342057,Quadrillion Btu,423.208,Trillion Btu,5.660598,Quadrillion Btu
179,1987-12-01,442.326,Million Metric Tons of Carbon Dioxide,475.58,Trillion Btu,7.277377,Quadrillion Btu,475.58,Trillion Btu,5.92836,Quadrillion Btu
180,1988-01-01,472.666,Million Metric Tons of Carbon Dioxide,495.132,Trillion Btu,7.800316,Quadrillion Btu,495.132,Trillion Btu,5.918824,Quadrillion Btu
181,1988-02-01,441.612,Million Metric Tons of Carbon Dioxide,446.663,Trillion Btu,7.308187,Quadrillion Btu,446.663,Trillion Btu,5.646934,Quadrillion Btu
182,1988-03-01,438.675,Million Metric Tons of Carbon Dioxide,469.098,Trillion Btu,7.296746,Quadrillion Btu,469.098,Trillion Btu,6.021131,Quadrillion Btu
183,1988-04-01,386.98,Million Metric Tons of Carbon Dioxide,455.993,Trillion Btu,6.449806,Quadrillion Btu,455.993,Trillion Btu,5.575924,Quadrillion Btu
184,1988-05-01,380.929,Million Metric Tons of Carbon Dioxide,486.212,Trillion Btu,6.390836,Quadrillion Btu,486.212,Trillion Btu,5.661535,Quadrillion Btu
185,1988-06-01,392.77,Million Metric Tons of Carbon Dioxide,453.891,Trillion Btu,6.507738,Quadrillion Btu,453.891,Trillion Btu,5.581993,Quadrillion Btu
186,1988-07-01,409.709,Million Metric Tons of Carbon Dioxide,442.602,Trillion Btu,6.74603,Quadrillion Btu,442.602,Trillion Btu,5.52114,Quadrillion Btu
187,1988-08-01,426.483,Million Metric Tons of Carbon Dioxide,437.214,Trillion Btu,6.988178,Quadrillion Btu,437.214,Trillion Btu,5.951295,Quadrillion Btu
188,1988-09-01,380.193,Million Metric Tons of Carbon Dioxide,426.312,Trillion Btu,6.340877,Quadrillion Btu,426.312,Trillion Btu,5.63778,Quadrillion Btu
189,1988-10-01,399.556,Million Metric Tons of Carbon Dioxide,422.602,Trillion Btu,6.586707,Quadrillion Btu,422.602,Trillion Btu,5.739237,Quadrillion Btu
190,1988-11-01,407.352,Million Metric Tons of Carbon Dioxide,448.903,Trillion Btu,6.704226,Quadrillion Btu,448.903,Trillion Btu,5.753552,Quadrillion Btu
191,1988-12-01,461.289,Million Metric Tons of Carbon Dioxide,472.132,Trillion Btu,7.54036,Quadrillion Btu,472.132,Trillion Btu,5.880234,Quadrillion Btu
192,1989-01-01,460.858,Million Metric Tons of Carbon Dioxide,509.148,Trillion Btu,7.638756,Quadrillion Btu,509.148,Trillion Btu,5.998696,Quadrillion Btu
193,1989-02-01,439.67,Million Metric Tons of Carbon Dioxide,461.436,Trillion Btu,7.229611,Quadrillion Btu,461.436,Trillion Btu,5.412511,Quadrillion Btu
194,1989-03-01,454.284,Million Metric Tons of Carbon Dioxide,532.717,Trillion Btu,7.541181,Quadrillion Btu,532.717,Trillion Btu,6.006266,Quadrillion Btu
195,1989-04-01,400.259,Million Metric Tons of Carbon Dioxide,530.099,Trillion Btu,6.660424,Quadrillion Btu,530.099,Trillion Btu,5.590869,Quadrillion Btu
196,1989-05-01,395.467,Million Metric Tons of Carbon Dioxide,562.702,Trillion Btu,6.635392,Quadrillion Btu,562.702,Trillion Btu,5.863269,Quadrillion Btu
197,1989-06-01,400.509,Million Metric Tons of Carbon Dioxide,546.138,Trillion Btu,6.693826,Quadrillion Btu,546.138,Trillion Btu,5.650625,Quadrillion Btu
198,1989-07-01,408.009,Million Metric Tons of Carbon Dioxide,525.099,Trillion Btu,6.856063,Quadrillion Btu,525.099,Trillion Btu,5.512605,Quadrillion Btu
199,1989-08-01,417.766,Million Metric Tons of Carbon Dioxide,513.156,Trillion Btu,7.028181,Quadrillion Btu,513.156,Trillion Btu,6.070146,Quadrillion Btu
200,1989-09-01,386.781,Million Metric Tons of Carbon Dioxide,487.951,Trillion Btu,6.480979,Quadrillion Btu,487.951,Trillion Btu,5.680563,Quadrillion Btu
201,1989-10-01,404.684,Million Metric Tons of Carbon Dioxide,511.061,Trillion Btu,6.790635,Quadrillion Btu,511.061,Trillion Btu,5.89354,Quadrillion Btu
202,1989-11-01,415.707,Million Metric Tons of Carbon Dioxide,521.326,Trillion Btu,6.940305,Quadrillion Btu,521.326,Trillion Btu,5.871475,Quadrillion Btu
203,1989-12-01,500.568,Million Metric Tons of Carbon Dioxide,533.842,Trillion Btu,8.24546,Quadrillion Btu,533.842,Trillion Btu,5.733972,Quadrillion Btu
204,1990-01-01,464.451,Million Metric Tons of Carbon Dioxide,511.273,Trillion Btu,7.809232,Quadrillion Btu,511.273,Trillion Btu,6.273824,Quadrillion Btu
205,1990-02-01,414.102,Million Metric Tons of Carbon Dioxide,508.362,Trillion Btu,7.003711,Quadrillion Btu,508.362,Trillion Btu,5.694481,Quadrillion Btu
206,1990-03-01,433.438,Million Metric Tons of Carbon Dioxide,567.936,Trillion Btu,7.305266,Quadrillion Btu,567.936,Trillion Btu,6.143921,Quadrillion Btu
207,1990-04-01,403.794,Million Metric Tons of Carbon Dioxide,530.432,Trillion Btu,6.76783,Quadrillion Btu,530.432,Trillion Btu,5.703131,Quadrillion Btu
208,1990-05-01,400.998,Million Metric Tons of Carbon Dioxide,525.675,Trillion Btu,6.746036,Quadrillion Btu,525.675,Trillion Btu,5.87071,Quadrillion Btu
209,1990-06-01,404.962,Million Metric Tons of Carbon Dioxide,503.364,Trillion Btu,6.756044,Quadrillion Btu,503.364,Trillion Btu,5.709,Quadrillion Btu
210,1990-07-01,419.466,Million Metric Tons of Carbon Dioxide,499.497,Trillion Btu,7.032232,Quadrillion Btu,499.497,Trillion Btu,5.764705,Quadrillion Btu
211,1990-08-01,434.74,Million Metric Tons of Carbon Dioxide,497.457,Trillion Btu,7.279164,Quadrillion Btu,497.457,Trillion Btu,6.084561,Quadrillion Btu
212,1990-09-01,395.484,Million Metric Tons of Carbon Dioxide,447.351,Trillion Btu,6.613366,Quadrillion Btu,447.351,Trillion Btu,5.647341,Quadrillion Btu
213,1990-10-01,410.109,Million Metric Tons of Carbon Dioxide,460.201,Trillion Btu,6.807,Quadrillion Btu,460.201,Trillion Btu,6.069747,Quadrillion Btu
214,1990-11-01,405.726,Million Metric Tons of Carbon Dioxide,459.567,Trillion Btu,6.771697,Quadrillion Btu,459.567,Trillion Btu,5.863706,Quadrillion Btu
215,1990-12-01,450.633,Million Metric Tons of Carbon Dioxide,528.928,Trillion Btu,7.542281,Quadrillion Btu,528.928,Trillion Btu,5.842452,Quadrillion Btu
216,1991-01-01,476.647,Million Metric Tons of Carbon Dioxide,569.478,Trillion Btu,8.073921,Quadrillion Btu,569.478,Trillion Btu,6.21123,Quadrillion Btu
217,1991-02-01,405.506,Million Metric Tons of Carbon Dioxide,465.118,Trillion Btu,6.862154,Quadrillion Btu,465.118,Trillion Btu,5.647315,Quadrillion Btu
218,1991-03-01,421.68,Million Metric Tons of Carbon Dioxide,519.11,Trillion Btu,7.139161,Quadrillion Btu,519.11,Trillion Btu,6.022465,Quadrillion Btu
219,1991-04-01,387.67,Million Metric Tons of Carbon Dioxide,492.914,Trillion Btu,6.536529,Quadrillion Btu,492.914,Trillion Btu,5.658388,Quadrillion Btu
220,1991-05-01,392.195,Million Metric Tons of Carbon Dioxide,540.591,Trillion Btu,6.654746,Quadrillion Btu,540.591,Trillion Btu,5.793784,Quadrillion Btu
221,1991-06-01,393.791,Million Metric Tons of Carbon Dioxide,513.64,Trillion Btu,6.697966,Quadrillion Btu,513.64,Trillion Btu,5.642071,Quadrillion Btu
222,1991-07-01,418.436,Million Metric Tons of Carbon Dioxide,499.537,Trillion Btu,7.098775,Quadrillion Btu,499.537,Trillion Btu,5.827921,Quadrillion Btu
223,1991-08-01,420.612,Million Metric Tons of Carbon Dioxide,512.231,Trillion Btu,7.112442,Quadrillion Btu,512.231,Trillion Btu,6.016608,Quadrillion Btu
224,1991-09-01,392.147,Million Metric Tons of Carbon Dioxide,491.724,Trillion Btu,6.657677,Quadrillion Btu,491.724,Trillion Btu,5.720245,Quadrillion Btu
225,1991-10-01,408.528,Million Metric Tons of Carbon Dioxide,467.137,Trillion Btu,6.858583,Quadrillion Btu,467.137,Trillion Btu,6.026454,Quadrillion Btu
226,1991-11-01,420.122,Million Metric Tons of Carbon Dioxide,467.744,Trillion Btu,7.006253,Quadrillion Btu,467.744,Trillion Btu,5.777709,Quadrillion Btu
227,1991-12-01,455.357,Million Metric Tons of Carbon Dioxide,528.582,Trillion Btu,7.683275,Quadrillion Btu,528.582,Trillion Btu,5.976898,Quadrillion Btu
228,1992-01-01,471.149,Million Metric Tons of Carbon Dioxide,535.607,Trillion Btu,7.983359,Quadrillion Btu,535.607,Trillion Btu,6.206219,Quadrillion Btu
229,1992-02-01,427.591,Million Metric Tons of Carbon Dioxide,449.195,Trillion Btu,7.243264,Quadrillion Btu,449.195,Trillion Btu,5.655065,Quadrillion Btu
230,1992-03-01,441.684,Million Metric Tons of Carbon Dioxide,482.785,Trillion Btu,7.348605,Quadrillion Btu,482.785,Trillion Btu,5.866839,Quadrillion Btu
231,1992-04-01,410.597,Million Metric Tons of Carbon Dioxide,445.956,Trillion Btu,6.841699,Quadrillion Btu,445.956,Trillion Btu,5.63073,Quadrillion Btu
232,1992-05-01,400.342,Million Metric Tons of Carbon Dioxide,455.24,Trillion Btu,6.698116,Quadrillion Btu,455.24,Trillion Btu,5.692589,Quadrillion Btu
233,1992-06-01,395.6,Million Metric Tons of Carbon Dioxide,497.883,Trillion Btu,6.715212,Quadrillion Btu,497.883,Trillion Btu,5.700253,Quadrillion Btu
234,1992-07-01,428.437,Million Metric Tons of Carbon Dioxide,486.979,Trillion Btu,7.159829,Quadrillion Btu,486.979,Trillion Btu,5.84606,Quadrillion Btu
235,1992-08-01,416.085,Million Metric Tons of Carbon Dioxide,491.443,Trillion Btu,7.029232,Quadrillion Btu,491.443,Trillion Btu,5.873675,Quadrillion Btu
236,1992-09-01,397.753,Million Metric Tons of Carbon Dioxide,458.264,Trillion Btu,6.682171,Quadrillion Btu,458.264,Trillion Btu,5.700783,Quadrillion Btu
237,1992-10-01,411.714,Million Metric Tons of Carbon Dioxide,472.681,Trillion Btu,6.901629,Quadrillion Btu,472.681,Trillion Btu,5.920799,Quadrillion Btu
238,1992-11-01,417.945,Million Metric Tons of Carbon Dioxide,498.632,Trillion Btu,7.078629,Quadrillion Btu,498.632,Trillion Btu,5.754737,Quadrillion Btu
239,1992-12-01,474.989,Million Metric Tons of Carbon Dioxide,545.914,Trillion Btu,8.044434,Quadrillion Btu,545.914,Trillion Btu,6.066717,Quadrillion Btu
240,1993-01-01,462.047,Million Metric Tons of Carbon Dioxide,563.875,Trillion Btu,7.906824,Quadrillion Btu,564.645,Trillion Btu,5.99286,Quadrillion Btu
241,1993-02-01,439.113,Million Metric Tons of Carbon Dioxide,477.73,Trillion Btu,7.419792,Quadrillion Btu,477.338,Trillion Btu,5.433772,Quadrillion Btu
242,1993-03-01,465.109,Million Metric Tons of Carbon Dioxide,543.537,Trillion Btu,7.811624,Quadrillion Btu,543.315,Trillion Btu,5.925294,Quadrillion Btu
243,1993-04-01,408.353,Million Metric Tons of Carbon Dioxide,526.705,Trillion Btu,6.902829,Quadrillion Btu,527.479,Trillion Btu,5.590426,Quadrillion Btu
244,1993-05-01,390.203,Million Metric Tons of Carbon Dioxide,536.102,Trillion Btu,6.645601,Quadrillion Btu,537.105,Trillion Btu,5.6184,Quadrillion Btu
245,1993-06-01,405.185,Million Metric Tons of Carbon Dioxide,506.208,Trillion Btu,6.843169,Quadrillion Btu,506.69,Trillion Btu,5.662572,Quadrillion Btu
246,1993-07-01,437.684,Million Metric Tons of Carbon Dioxide,491.496,Trillion Btu,7.307749,Quadrillion Btu,491.687,Trillion Btu,5.529215,Quadrillion Btu
247,1993-08-01,438.284,Million Metric Tons of Carbon Dioxide,501.478,Trillion Btu,7.33322,Quadrillion Btu,502.293,Trillion Btu,5.685507,Quadrillion Btu
248,1993-09-01,406.492,Million Metric Tons of Carbon Dioxide,462.236,Trillion Btu,6.815065,Quadrillion Btu,461.702,Trillion Btu,5.573839,Quadrillion Btu
249,1993-10-01,417.658,Million Metric Tons of Carbon Dioxide,468.918,Trillion Btu,6.983065,Quadrillion Btu,468.762,Trillion Btu,5.703153,Quadrillion Btu
250,1993-11-01,434.69,Million Metric Tons of Carbon Dioxide,483.799,Trillion Btu,7.280569,Quadrillion Btu,482.151,Trillion Btu,5.669725,Quadrillion Btu
251,1993-12-01,480.707,Million Metric Tons of Carbon Dioxide,519.576,Trillion Btu,8.017696,Quadrillion Btu,518.768,Trillion Btu,5.88794,Quadrillion Btu
252,1994-01-01,509.348,Million Metric Tons of Carbon Dioxide,546.993,Trillion Btu,8.584502,Quadrillion Btu,546.056,Trillion Btu,5.865757,Quadrillion Btu
253,1994-02-01,460.794,Million Metric Tons of Carbon Dioxide,475.202,Trillion Btu,7.742177,Quadrillion Btu,474.599,Trillion Btu,5.511965,Quadrillion Btu
254,1994-03-01,452.916,Million Metric Tons of Carbon Dioxide,530.782,Trillion Btu,7.663461,Quadrillion Btu,530.494,Trillion Btu,6.182232,Quadrillion Btu
255,1994-04-01,413.597,Million Metric Tons of Carbon Dioxide,516.489,Trillion Btu,6.979179,Quadrillion Btu,515.827,Trillion Btu,5.775217,Quadrillion Btu
256,1994-05-01,408.466,Million Metric Tons of Carbon Dioxide,494.387,Trillion Btu,6.886157,Quadrillion Btu,494.55,Trillion Btu,5.811302,Quadrillion Btu
257,1994-06-01,428.058,Million Metric Tons of Carbon Dioxide,496.831,Trillion Btu,7.161985,Quadrillion Btu,497.434,Trillion Btu,5.80611,Quadrillion Btu
258,1994-07-01,435.256,Million Metric Tons of Carbon Dioxide,537.967,Trillion Btu,7.390644,Quadrillion Btu,538.3,Trillion Btu,5.818984,Quadrillion Btu
259,1994-08-01,442.645,Million Metric Tons of Carbon Dioxide,484.579,Trillion Btu,7.472473,Quadrillion Btu,484.336,Trillion Btu,6.145612,Quadrillion Btu
260,1994-09-01,406.305,Million Metric Tons of Carbon Dioxide,430.613,Trillion Btu,6.881237,Quadrillion Btu,433.627,Trillion Btu,5.815582,Quadrillion Btu
261,1994-10-01,417.601,Million Metric Tons of Carbon Dioxide,477.805,Trillion Btu,7.070616,Quadrillion Btu,476.303,Trillion Btu,5.846362,Quadrillion Btu
262,1994-11-01,417.717,Million Metric Tons of Carbon Dioxide,482.586,Trillion Btu,7.148136,Quadrillion Btu,482.932,Trillion Btu,5.92877,Quadrillion Btu
263,1994-12-01,469.964,Million Metric Tons of Carbon Dioxide,512.938,Trillion Btu,8.004003,Quadrillion Btu,512.713,Trillion Btu,6.175198,Quadrillion Btu
264,1995-01-01,480.756,Million Metric Tons of Carbon Dioxide,515.418,Trillion Btu,8.22088,Quadrillion Btu,516.507,Trillion Btu,6.135868,Quadrillion Btu
265,1995-02-01,447.55,Million Metric Tons of Carbon Dioxide,477.66,Trillion Btu,7.595771,Quadrillion Btu,478.624,Trillion Btu,5.584872,Quadrillion Btu
266,1995-03-01,454.171,Million Metric Tons of Carbon Dioxide,550.611,Trillion Btu,7.74118,Quadrillion Btu,550.41,Trillion Btu,6.116993,Quadrillion Btu
267,1995-04-01,412.669,Million Metric Tons of Carbon Dioxide,536.248,Trillion Btu,7.105608,Quadrillion Btu,536.529,Trillion Btu,5.701056,Quadrillion Btu
268,1995-05-01,415.652,Million Metric Tons of Carbon Dioxide,532.012,Trillion Btu,7.150668,Quadrillion Btu,533.624,Trillion Btu,5.913115,Quadrillion Btu
269,1995-06-01,422.217,Million Metric Tons of Carbon Dioxide,561.172,Trillion Btu,7.231937,Quadrillion Btu,560.149,Trillion Btu,5.861466,Quadrillion Btu
270,1995-07-01,445.179,Million Metric Tons of Carbon Dioxide,600.268,Trillion Btu,7.626033,Quadrillion Btu,601.28,Trillion Btu,5.936475,Quadrillion Btu
271,1995-08-01,465.876,Million Metric Tons of Carbon Dioxide,580.333,Trillion Btu,7.917379,Quadrillion Btu,582.286,Trillion Btu,6.083955,Quadrillion Btu
272,1995-09-01,419.881,Million Metric Tons of Carbon Dioxide,499.538,Trillion Btu,7.135606,Quadrillion Btu,499.496,Trillion Btu,5.851342,Quadrillion Btu
273,1995-10-01,421.223,Million Metric Tons of Carbon Dioxide,560.889,Trillion Btu,7.22426,Quadrillion Btu,558.499,Trillion Btu,6.001303,Quadrillion Btu
274,1995-11-01,444.592,Million Metric Tons of Carbon Dioxide,559.124,Trillion Btu,7.572346,Quadrillion Btu,554.29,Trillion Btu,5.934594,Quadrillion Btu
275,1995-12-01,494.549,Million Metric Tons of Carbon Dioxide,586.128,Trillion Btu,8.410372,Quadrillion Btu,585.646,Trillion Btu,6.008138,Quadrillion Btu
276,1996-01-01,514.309,Million Metric Tons of Carbon Dioxide,607.656,Trillion Btu,8.776632,Quadrillion Btu,606.654,Trillion Btu,6.059145,Quadrillion Btu
277,1996-02-01,476.498,Million Metric Tons of Carbon Dioxide,572.905,Trillion Btu,8.104038,Quadrillion Btu,571.306,Trillion Btu,5.796695,Quadrillion Btu
278,1996-03-01,477.653,Million Metric Tons of Carbon Dioxide,628.615,Trillion Btu,8.191767,Quadrillion Btu,627.928,Trillion Btu,6.189337,Quadrillion Btu
279,1996-04-01,430.632,Million Metric Tons of Carbon Dioxide,556.124,Trillion Btu,7.361878,Quadrillion Btu,556.072,Trillion Btu,5.926724,Quadrillion Btu
280,1996-05-01,433.44,Million Metric Tons of Carbon Dioxide,595.78,Trillion Btu,7.46309,Quadrillion Btu,594.909,Trillion Btu,6.090312,Quadrillion Btu
281,1996-06-01,434.205,Million Metric Tons of Carbon Dioxide,608.162,Trillion Btu,7.446041,Quadrillion Btu,607.621,Trillion Btu,5.947819,Quadrillion Btu
282,1996-07-01,455.174,Million Metric Tons of Carbon Dioxide,610.006,Trillion Btu,7.757828,Quadrillion Btu,610.1,Trillion Btu,6.143936,Quadrillion Btu
283,1996-08-01,462.237,Million Metric Tons of Carbon Dioxide,594.961,Trillion Btu,7.869469,Quadrillion Btu,594.881,Trillion Btu,6.270742,Quadrillion Btu
284,1996-09-01,421.931,Million Metric Tons of Carbon Dioxide,512.565,Trillion Btu,7.147233,Quadrillion Btu,513.262,Trillion Btu,5.882138,Quadrillion Btu
285,1996-10-01,451.412,Million Metric Tons of Carbon Dioxide,567.221,Trillion Btu,7.617372,Quadrillion Btu,568.747,Trillion Btu,6.132089,Quadrillion Btu
286,1996-11-01,462.888,Million Metric Tons of Carbon Dioxide,561.216,Trillion Btu,7.795705,Quadrillion Btu,561.31,Trillion Btu,5.911372,Quadrillion Btu
287,1996-12-01,497.654,Million Metric Tons of Carbon Dioxide,597.221,Trillion Btu,8.404844,Quadrillion Btu,598.136,Trillion Btu,6.084948,Quadrillion Btu
288,1997-01-01,520.104,Million Metric Tons of Carbon Dioxide,629.127,Trillion Btu,8.823702,Quadrillion Btu,629.8,Trillion Btu,6.25498,Quadrillion Btu
289,1997-02-01,456.785,Million Metric Tons of Carbon Dioxide,563.44,Trillion Btu,7.787032,Quadrillion Btu,563.287,Trillion Btu,5.746246,Quadrillion Btu
290,1997-03-01,468.598,Million Metric Tons of Carbon Dioxide,628.717,Trillion Btu,7.985146,Quadrillion Btu,628.991,Trillion Btu,6.19294,Quadrillion Btu
291,1997-04-01,442.952,Million Metric Tons of Carbon Dioxide,603.648,Trillion Btu,7.523073,Quadrillion Btu,603.78,Trillion Btu,5.885515,Quadrillion Btu
292,1997-05-01,437.469,Million Metric Tons of Carbon Dioxide,640.222,Trillion Btu,7.476447,Quadrillion Btu,642.251,Trillion Btu,6.192857,Quadrillion Btu
293,1997-06-01,439.377,Million Metric Tons of Carbon Dioxide,607.079,Trillion Btu,7.465961,Quadrillion Btu,607.807,Trillion Btu,5.907547,Quadrillion Btu
294,1997-07-01,479.657,Million Metric Tons of Carbon Dioxide,611.062,Trillion Btu,8.090954,Quadrillion Btu,611.218,Trillion Btu,6.114265,Quadrillion Btu
295,1997-08-01,466.92,Million Metric Tons of Carbon Dioxide,567.068,Trillion Btu,7.909856,Quadrillion Btu,566.988,Trillion Btu,6.107502,Quadrillion Btu
296,1997-09-01,440.692,Million Metric Tons of Carbon Dioxide,512.47,Trillion Btu,7.412831,Quadrillion Btu,513.216,Trillion Btu,5.971863,Quadrillion Btu
297,1997-10-01,458.646,Million Metric Tons of Carbon Dioxide,582.313,Trillion Btu,7.677186,Quadrillion Btu,581.276,Trillion Btu,6.12094,Quadrillion Btu
298,1997-11-01,462.872,Million Metric Tons of Carbon Dioxide,526.711,Trillion Btu,7.749814,Quadrillion Btu,526.469,Trillion Btu,5.763217,Quadrillion Btu
299,1997-12-01,515.254,Million Metric Tons of Carbon Dioxide,542.307,Trillion Btu,8.606328,Quadrillion Btu,541.77,Trillion Btu,6.162255,Quadrillion Btu
300,1998-01-01,508.781,Million Metric Tons of Carbon Dioxide,591.097,Trillion Btu,8.607437,Quadrillion Btu,591.527,Trillion Btu,6.401509,Quadrillion Btu
301,1998-02-01,451.782,Million Metric Tons of Carbon Dioxide,535.21,Trillion Btu,7.64498,Quadrillion Btu,534.596,Trillion Btu,5.711263,Quadrillion Btu
302,1998-03-01,481.77,Million Metric Tons of Carbon Dioxide,586.5,Trillion Btu,8.16864,Quadrillion Btu,585.349,Trillion Btu,6.281766,Quadrillion Btu
303,1998-04-01,445.731,Million Metric Tons of Carbon Dioxide,548.691,Trillion Btu,7.510104,Quadrillion Btu,550.089,Trillion Btu,6.005149,Quadrillion Btu
304,1998-05-01,447.656,Million Metric Tons of Carbon Dioxide,605.824,Trillion Btu,7.574503,Quadrillion Btu,606.598,Trillion Btu,6.15208,Quadrillion Btu
305,1998-06-01,461.334,Million Metric Tons of Carbon Dioxide,537.599,Trillion Btu,7.714757,Quadrillion Btu,538.497,Trillion Btu,6.028093,Quadrillion Btu
306,1998-07-01,492.954,Million Metric Tons of Carbon Dioxide,565.74,Trillion Btu,8.276443,Quadrillion Btu,566.004,Trillion Btu,6.126854,Quadrillion Btu
307,1998-08-01,492.447,Million Metric Tons of Carbon Dioxide,537.245,Trillion Btu,8.225686,Quadrillion Btu,537.293,Trillion Btu,6.128655,Quadrillion Btu
308,1998-09-01,454.457,Million Metric Tons of Carbon Dioxide,486.761,Trillion Btu,7.615079,Quadrillion Btu,487.115,Trillion Btu,5.865659,Quadrillion Btu
309,1998-10-01,452.079,Million Metric Tons of Carbon Dioxide,486.811,Trillion Btu,7.608859,Quadrillion Btu,485.982,Trillion Btu,6.122041,Quadrillion Btu
310,1998-11-01,446.073,Million Metric Tons of Carbon Dioxide,455.646,Trillion Btu,7.505881,Quadrillion Btu,456.09,Trillion Btu,5.855805,Quadrillion Btu
311,1998-12-01,501.675,Million Metric Tons of Carbon Dioxide,554.219,Trillion Btu,8.468996,Quadrillion Btu,553.643,Trillion Btu,6.147638,Quadrillion Btu
312,1999-01-01,524.853,Million Metric Tons of Carbon Dioxide,595.568,Trillion Btu,8.911858,Quadrillion Btu,596.141,Trillion Btu,6.149937,Quadrillion Btu
313,1999-02-01,459.241,Million Metric Tons of Carbon Dioxide,533.105,Trillion Btu,7.808517,Quadrillion Btu,533.209,Trillion Btu,5.743737,Quadrillion Btu
314,1999-03-01,494.242,Million Metric Tons of Carbon Dioxide,563.739,Trillion Btu,8.369508,Quadrillion Btu,564.568,Trillion Btu,6.198134,Quadrillion Btu
315,1999-04-01,454.026,Million Metric Tons of Carbon Dioxide,549.277,Trillion Btu,7.655644,Quadrillion Btu,551.66,Trillion Btu,5.773119,Quadrillion Btu
316,1999-05-01,447.412,Million Metric Tons of Carbon Dioxide,608.948,Trillion Btu,7.622287,Quadrillion Btu,610.259,Trillion Btu,5.890513,Quadrillion Btu
317,1999-06-01,458.286,Million Metric Tons of Carbon Dioxide,573.257,Trillion Btu,7.804112,Quadrillion Btu,571.957,Trillion Btu,5.939685,Quadrillion Btu
318,1999-07-01,494.981,Million Metric Tons of Carbon Dioxide,593.643,Trillion Btu,8.368275,Quadrillion Btu,593.688,Trillion Btu,6.055369,Quadrillion Btu
319,1999-08-01,494.863,Million Metric Tons of Carbon Dioxide,546.596,Trillion Btu,8.376907,Quadrillion Btu,547.081,Trillion Btu,6.115254,Quadrillion Btu
320,1999-09-01,449.583,Million Metric Tons of Carbon Dioxide,481.263,Trillion Btu,7.611091,Quadrillion Btu,482.169,Trillion Btu,5.883405,Quadrillion Btu
321,1999-10-01,460.652,Million Metric Tons of Carbon Dioxide,457.255,Trillion Btu,7.713484,Quadrillion Btu,456.721,Trillion Btu,5.874531,Quadrillion Btu
322,1999-11-01,449.93,Million Metric Tons of Carbon Dioxide,494.46,Trillion Btu,7.633346,Quadrillion Btu,492.909,Trillion Btu,5.934447,Quadrillion Btu
323,1999-12-01,512.191,Million Metric Tons of Carbon Dioxide,516.689,Trillion Btu,8.670985,Quadrillion Btu,515.281,Trillion Btu,6.127562,Quadrillion Btu
324,2000-01-01,531.996,Million Metric Tons of Carbon Dioxide,505.528,Trillion Btu,8.945504,Quadrillion Btu,505.154,Trillion Btu,6.023281,Quadrillion Btu
325,2000-02-01,497.867,Million Metric Tons of Carbon Dioxide,498.999,Trillion Btu,8.402205,Quadrillion Btu,499.963,Trillion Btu,5.742828,Quadrillion Btu
326,2000-03-01,489.022,Million Metric Tons of Carbon Dioxide,558.482,Trillion Btu,8.293302,Quadrillion Btu,558.01,Trillion Btu,6.284142,Quadrillion Btu
327,2000-04-01,448.671,Million Metric Tons of Carbon Dioxide,567.156,Trillion Btu,7.669707,Quadrillion Btu,568.53,Trillion Btu,5.727994,Quadrillion Btu
328,2000-05-01,472.113,Million Metric Tons of Carbon Dioxide,558.834,Trillion Btu,8.025775,Quadrillion Btu,558.73,Trillion Btu,6.023283,Quadrillion Btu
329,2000-06-01,475.439,Million Metric Tons of Carbon Dioxide,507.753,Trillion Btu,8.002829,Quadrillion Btu,509.12,Trillion Btu,5.961753,Quadrillion Btu
330,2000-07-01,489.537,Million Metric Tons of Carbon Dioxide,525.603,Trillion Btu,8.230406,Quadrillion Btu,526.269,Trillion Btu,5.951483,Quadrillion Btu
331,2000-08-01,512.148,Million Metric Tons of Carbon Dioxide,505.433,Trillion Btu,8.542562,Quadrillion Btu,503.692,Trillion Btu,6.185379,Quadrillion Btu
332,2000-09-01,464.588,Million Metric Tons of Carbon Dioxide,443.558,Trillion Btu,7.692331,Quadrillion Btu,443.382,Trillion Btu,5.771777,Quadrillion Btu
333,2000-10-01,471.152,Million Metric Tons of Carbon Dioxide,469.441,Trillion Btu,7.760537,Quadrillion Btu,468.22,Trillion Btu,5.948329,Quadrillion Btu
334,2000-11-01,478.527,Million Metric Tons of Carbon Dioxide,484.435,Trillion Btu,7.93999,Quadrillion Btu,482.871,Trillion Btu,5.828956,Quadrillion Btu
335,2000-12-01,557.534,Million Metric Tons of Carbon Dioxide,479.073,Trillion Btu,9.198448,Quadrillion Btu,477.789,Trillion Btu,5.821446,Quadrillion Btu
336,2001-01-01,555.881,Million Metric Tons of Carbon Dioxide,447.075,Trillion Btu,9.22901,Quadrillion Btu,444.974,Trillion Btu,6.109594,Quadrillion Btu
337,2001-02-01,485.087,Million Metric Tons of Carbon Dioxide,404.487,Trillion Btu,8.072484,Quadrillion Btu,404.073,Trillion Btu,5.530608,Quadrillion Btu
338,2001-03-01,509.527,Million Metric Tons of Carbon Dioxide,456.144,Trillion Btu,8.473235,Quadrillion Btu,455.786,Trillion Btu,6.180135,Quadrillion Btu
339,2001-04-01,458.454,Million Metric Tons of Carbon Dioxide,424.544,Trillion Btu,7.638091,Quadrillion Btu,425.372,Trillion Btu,5.791105,Quadrillion Btu
340,2001-05-01,460.058,Million Metric Tons of Carbon Dioxide,434.878,Trillion Btu,7.629046,Quadrillion Btu,435.524,Trillion Btu,6.0636,Quadrillion Btu
341,2001-06-01,458.037,Million Metric Tons of Carbon Dioxide,451.271,Trillion Btu,7.652575,Quadrillion Btu,454.623,Trillion Btu,5.977761,Quadrillion Btu
342,2001-07-01,493.327,Million Metric Tons of Carbon Dioxide,438.449,Trillion Btu,8.14438,Quadrillion Btu,436.074,Trillion Btu,5.988019,Quadrillion Btu
343,2001-08-01,502.689,Million Metric Tons of Carbon Dioxide,445.566,Trillion Btu,8.30326,Quadrillion Btu,447.91,Trillion Btu,6.203569,Quadrillion Btu
344,2001-09-01,445.211,Million Metric Tons of Carbon Dioxide,395.84,Trillion Btu,7.40056,Quadrillion Btu,396.476,Trillion Btu,5.806808,Quadrillion Btu
345,2001-10-01,462.567,Million Metric Tons of Carbon Dioxide,412.281,Trillion Btu,7.717436,Quadrillion Btu,409.925,Trillion Btu,6.138293,Quadrillion Btu
346,2001-11-01,451.854,Million Metric Tons of Carbon Dioxide,401.022,Trillion Btu,7.543843,Quadrillion Btu,401.777,Trillion Btu,5.922895,Quadrillion Btu
347,2001-12-01,495.103,Million Metric Tons of Carbon Dioxide,448.485,Trillion Btu,8.259892,Quadrillion Btu,449.333,Trillion Btu,5.963061,Quadrillion Btu
348,2002-01-01,521.274,Million Metric Tons of Carbon Dioxide,475.003,Trillion Btu,8.792693,Quadrillion Btu,476.548,Trillion Btu,6.257661,Quadrillion Btu
349,2002-02-01,464.825,Million Metric Tons of Carbon Dioxide,428.8,Trillion Btu,7.856619,Quadrillion Btu,428.362,Trillion Btu,5.580886,Quadrillion Btu
350,2002-03-01,497.85,Million Metric Tons of Carbon Dioxide,456.504,Trillion Btu,8.359275,Quadrillion Btu,459.471,Trillion Btu,5.923232,Quadrillion Btu
351,2002-04-01,460.198,Million Metric Tons of Carbon Dioxide,488.033,Trillion Btu,7.75851,Quadrillion Btu,488.519,Trillion Btu,5.794808,Quadrillion Btu
352,2002-05-01,461.123,Million Metric Tons of Carbon Dioxide,527.257,Trillion Btu,7.800433,Quadrillion Btu,527.657,Trillion Btu,6.03318,Quadrillion Btu
353,2002-06-01,466.889,Million Metric Tons of Carbon Dioxide,533.013,Trillion Btu,7.890056,Quadrillion Btu,533.58,Trillion Btu,5.834227,Quadrillion Btu
354,2002-07-01,502.602,Million Metric Tons of Carbon Dioxide,525.803,Trillion Btu,8.425786,Quadrillion Btu,525.255,Trillion Btu,5.973665,Quadrillion Btu
355,2002-08-01,500.483,Million Metric Tons of Carbon Dioxide,469.232,Trillion Btu,8.344968,Quadrillion Btu,469.67,Trillion Btu,6.026891,Quadrillion Btu
356,2002-09-01,461.628,Million Metric Tons of Carbon Dioxide,431.019,Trillion Btu,7.660322,Quadrillion Btu,431.903,Trillion Btu,5.726052,Quadrillion Btu
357,2002-10-01,471.267,Million Metric Tons of Carbon Dioxide,445.367,Trillion Btu,7.801565,Quadrillion Btu,445.46,Trillion Btu,5.80707,Quadrillion Btu
358,2002-11-01,481.986,Million Metric Tons of Carbon Dioxide,458.065,Trillion Btu,8.013093,Quadrillion Btu,455.86,Trillion Btu,5.71263,Quadrillion Btu
359,2002-12-01,529.906,Million Metric Tons of Carbon Dioxide,488.107,Trillion Btu,8.832163,Quadrillion Btu,488.703,Trillion Btu,5.982828,Quadrillion Btu
360,2003-01-01,554.83,Million Metric Tons of Carbon Dioxide,467.768,Trillion Btu,9.233323,Quadrillion Btu,470.095,Trillion Btu,6.001257,Quadrillion Btu
361,2003-02-01,506.365,Million Metric Tons of Carbon Dioxide,440.766,Trillion Btu,8.431302,Quadrillion Btu,437.341,Trillion Btu,5.404352,Quadrillion Btu
362,2003-03-01,504.0,Million Metric Tons of Carbon Dioxide,506.122,Trillion Btu,8.382907,Quadrillion Btu,508.215,Trillion Btu,5.919507,Quadrillion Btu
363,2003-04-01,458.319,Million Metric Tons of Carbon Dioxide,509.869,Trillion Btu,7.668247,Quadrillion Btu,509.649,Trillion Btu,5.762671,Quadrillion Btu
364,2003-05-01,454.727,Million Metric Tons of Carbon Dioxide,557.691,Trillion Btu,7.663915,Quadrillion Btu,557.622,Trillion Btu,5.938265,Quadrillion Btu
365,2003-06-01,457.593,Million Metric Tons of Carbon Dioxide,548.232,Trillion Btu,7.642524,Quadrillion Btu,549.092,Trillion Btu,5.820237,Quadrillion Btu
366,2003-07-01,497.369,Million Metric Tons of Carbon Dioxide,523.856,Trillion Btu,8.272435,Quadrillion Btu,524.624,Trillion Btu,5.891484,Quadrillion Btu
367,2003-08-01,507.286,Million Metric Tons of Carbon Dioxide,502.381,Trillion Btu,8.391328,Quadrillion Btu,501.53,Trillion Btu,5.935429,Quadrillion Btu
368,2003-09-01,459.915,Million Metric Tons of Carbon Dioxide,445.427,Trillion Btu,7.605784,Quadrillion Btu,447.121,Trillion Btu,5.753894,Quadrillion Btu
369,2003-10-01,472.995,Million Metric Tons of Carbon Dioxide,452.123,Trillion Btu,7.781223,Quadrillion Btu,451.931,Trillion Btu,5.896804,Quadrillion Btu
370,2003-11-01,475.2,Million Metric Tons of Carbon Dioxide,463.802,Trillion Btu,7.83561,Quadrillion Btu,460.818,Trillion Btu,5.579084,Quadrillion Btu
371,2003-12-01,537.826,Million Metric Tons of Carbon Dioxide,526.226,Trillion Btu,8.926281,Quadrillion Btu,524.532,Trillion Btu,5.981791,Quadrillion Btu
372,2004-01-01,560.77,Million Metric Tons of Carbon Dioxide,515.182,Trillion Btu,9.350304,Quadrillion Btu,514.261,Trillion Btu,6.020815,Quadrillion Btu
373,2004-02-01,521.927,Million Metric Tons of Carbon Dioxide,475.956,Trillion Btu,8.733811,Quadrillion Btu,474.103,Trillion Btu,5.568078,Quadrillion Btu
374,2004-03-01,504.024,Million Metric Tons of Carbon Dioxide,510.8,Trillion Btu,8.430967,Quadrillion Btu,510.702,Trillion Btu,5.985245,Quadrillion Btu
375,2004-04-01,465.266,Million Metric Tons of Carbon Dioxide,489.917,Trillion Btu,7.793673,Quadrillion Btu,488.758,Trillion Btu,5.741299,Quadrillion Btu
376,2004-05-01,477.865,Million Metric Tons of Carbon Dioxide,523.19,Trillion Btu,7.966313,Quadrillion Btu,522.609,Trillion Btu,5.809649,Quadrillion Btu
377,2004-06-01,476.571,Million Metric Tons of Carbon Dioxide,534.475,Trillion Btu,7.982283,Quadrillion Btu,531.796,Trillion Btu,5.901435,Quadrillion Btu
378,2004-07-01,503.587,Million Metric Tons of Carbon Dioxide,524.02,Trillion Btu,8.406337,Quadrillion Btu,523.871,Trillion Btu,5.993627,Quadrillion Btu
379,2004-08-01,500.572,Million Metric Tons of Carbon Dioxide,502.435,Trillion Btu,8.354285,Quadrillion Btu,502.493,Trillion Btu,5.985276,Quadrillion Btu
380,2004-09-01,469.26,Million Metric Tons of Carbon Dioxide,480.236,Trillion Btu,7.830388,Quadrillion Btu,479.402,Trillion Btu,5.685257,Quadrillion Btu
381,2004-10-01,478.229,Million Metric Tons of Carbon Dioxide,474.139,Trillion Btu,7.947538,Quadrillion Btu,472.897,Trillion Btu,5.747858,Quadrillion Btu
382,2004-11-01,486.937,Million Metric Tons of Carbon Dioxide,485.653,Trillion Btu,8.050412,Quadrillion Btu,484.754,Trillion Btu,5.699128,Quadrillion Btu
383,2004-12-01,548.719,Million Metric Tons of Carbon Dioxide,558.847,Trillion Btu,9.156182,Quadrillion Btu,557.149,Trillion Btu,6.031922,Quadrillion Btu
384,2005-01-01,553.428,Million Metric Tons of Carbon Dioxide,537.957,Trillion Btu,9.287429,Quadrillion Btu,537.045,Trillion Btu,5.969442,Quadrillion Btu
385,2005-02-01,494.783,Million Metric Tons of Carbon Dioxide,489.174,Trillion Btu,8.283712,Quadrillion Btu,489.404,Trillion Btu,5.520627,Quadrillion Btu
386,2005-03-01,522.885,Million Metric Tons of Carbon Dioxide,523.965,Trillion Btu,8.726282,Quadrillion Btu,524.509,Trillion Btu,6.131436,Quadrillion Btu
387,2005-04-01,461.664,Million Metric Tons of Carbon Dioxide,513.75,Trillion Btu,7.714735,Quadrillion Btu,514.356,Trillion Btu,5.754473,Quadrillion Btu
388,2005-05-01,471.728,Million Metric Tons of Carbon Dioxide,568.378,Trillion Btu,7.939029,Quadrillion Btu,567.482,Trillion Btu,5.906173,Quadrillion Btu
389,2005-06-01,487.536,Million Metric Tons of Carbon Dioxide,562.221,Trillion Btu,8.172075,Quadrillion Btu,559.572,Trillion Btu,5.925572,Quadrillion Btu
390,2005-07-01,513.85,Million Metric Tons of Carbon Dioxide,562.55,Trillion Btu,8.580751,Quadrillion Btu,561.855,Trillion Btu,5.925617,Quadrillion Btu
391,2005-08-01,521.51,Million Metric Tons of Carbon Dioxide,517.306,Trillion Btu,8.687819,Quadrillion Btu,514.673,Trillion Btu,5.982773,Quadrillion Btu
392,2005-09-01,473.449,Million Metric Tons of Carbon Dioxide,464.673,Trillion Btu,7.789281,Quadrillion Btu,464.185,Trillion Btu,5.390352,Quadrillion Btu
393,2005-10-01,474.249,Million Metric Tons of Carbon Dioxide,477.098,Trillion Btu,7.782715,Quadrillion Btu,475.83,Trillion Btu,5.474018,Quadrillion Btu
394,2005-11-01,478.509,Million Metric Tons of Carbon Dioxide,486.959,Trillion Btu,7.939547,Quadrillion Btu,484.914,Trillion Btu,5.59259,Quadrillion Btu
395,2005-12-01,553.411,Million Metric Tons of Carbon Dioxide,529.713,Trillion Btu,9.198389,Quadrillion Btu,527.174,Trillion Btu,5.804039,Quadrillion Btu
396,2006-01-01,521.884,Million Metric Tons of Carbon Dioxide,589.472,Trillion Btu,8.815186,Quadrillion Btu,590.899,Trillion Btu,6.034994,Quadrillion Btu
397,2006-02-01,487.018,Million Metric Tons of Carbon Dioxide,527.016,Trillion Btu,8.190426,Quadrillion Btu,529.246,Trillion Btu,5.414141,Quadrillion Btu
398,2006-03-01,512.329,Million Metric Tons of Carbon Dioxide,551.725,Trillion Btu,8.584288,Quadrillion Btu,553.18,Trillion Btu,5.98795,Quadrillion Btu
399,2006-04-01,454.702,Million Metric Tons of Carbon Dioxide,579.724,Trillion Btu,7.709169,Quadrillion Btu,577.843,Trillion Btu,5.742258,Quadrillion Btu
400,2006-05-01,468.67,Million Metric Tons of Carbon Dioxide,618.094,Trillion Btu,7.956212,Quadrillion Btu,611.368,Trillion Btu,6.029229,Quadrillion Btu
401,2006-06-01,481.519,Million Metric Tons of Carbon Dioxide,608.287,Trillion Btu,8.146062,Quadrillion Btu,598.607,Trillion Btu,5.971006,Quadrillion Btu
402,2006-07-01,515.186,Million Metric Tons of Carbon Dioxide,573.974,Trillion Btu,8.632133,Quadrillion Btu,568.581,Trillion Btu,5.997655,Quadrillion Btu
403,2006-08-01,524.514,Million Metric Tons of Carbon Dioxide,537.154,Trillion Btu,8.731275,Quadrillion Btu,531.475,Trillion Btu,6.067137,Quadrillion Btu
404,2006-09-01,467.125,Million Metric Tons of Carbon Dioxide,484.045,Trillion Btu,7.785762,Quadrillion Btu,478.101,Trillion Btu,5.752859,Quadrillion Btu
405,2006-10-01,486.714,Million Metric Tons of Carbon Dioxide,496.715,Trillion Btu,8.01968,Quadrillion Btu,489.377,Trillion Btu,5.870392,Quadrillion Btu
406,2006-11-01,480.987,Million Metric Tons of Carbon Dioxide,522.59,Trillion Btu,8.028324,Quadrillion Btu,515.816,Trillion Btu,5.787764,Quadrillion Btu
407,2006-12-01,528.689,Million Metric Tons of Carbon Dioxide,548.344,Trillion Btu,8.793294,Quadrillion Btu,542.022,Trillion Btu,6.022463,Quadrillion Btu
408,2007-01-01,543.442,Million Metric Tons of Carbon Dioxide,597.023,Trillion Btu,9.217789,Quadrillion Btu,592.181,Trillion Btu,6.134727,Quadrillion Btu
409,2007-02-01,521.634,Million Metric Tons of Carbon Dioxide,491.007,Trillion Btu,8.750832,Quadrillion Btu,488.023,Trillion Btu,5.473109,Quadrillion Btu
410,2007-03-01,508.117,Million Metric Tons of Carbon Dioxide,577.08,Trillion Btu,8.555148,Quadrillion Btu,574.791,Trillion Btu,6.038748,Quadrillion Btu
411,2007-04-01,469.903,Million Metric Tons of Carbon Dioxide,565.801,Trillion Btu,7.915978,Quadrillion Btu,566.548,Trillion Btu,5.759415,Quadrillion Btu
412,2007-05-01,474.771,Million Metric Tons of Carbon Dioxide,593.598,Trillion Btu,8.01359,Quadrillion Btu,594.245,Trillion Btu,6.087695,Quadrillion Btu
413,2007-06-01,482.418,Million Metric Tons of Carbon Dioxide,557.977,Trillion Btu,8.090384,Quadrillion Btu,555.788,Trillion Btu,5.945893,Quadrillion Btu
414,2007-07-01,506.595,Million Metric Tons of Carbon Dioxide,561.51,Trillion Btu,8.48329,Quadrillion Btu,562.071,Trillion Btu,6.006003,Quadrillion Btu
415,2007-08-01,529.453,Million Metric Tons of Carbon Dioxide,542.305,Trillion Btu,8.81248,Quadrillion Btu,542.083,Trillion Btu,6.136768,Quadrillion Btu
416,2007-09-01,477.012,Million Metric Tons of Carbon Dioxide,482.39,Trillion Btu,7.933705,Quadrillion Btu,483.353,Trillion Btu,5.773668,Quadrillion Btu
417,2007-10-01,478.507,Million Metric Tons of Carbon Dioxide,503.6,Trillion Btu,7.964549,Quadrillion Btu,500.628,Trillion Btu,5.979628,Quadrillion Btu
418,2007-11-01,482.728,Million Metric Tons of Carbon Dioxide,501.382,Trillion Btu,8.074189,Quadrillion Btu,503.204,Trillion Btu,5.927455,Quadrillion Btu
419,2007-12-01,540.966,Million Metric Tons of Carbon Dioxide,549.82,Trillion Btu,9.081813,Quadrillion Btu,547.833,Trillion Btu,6.075344,Quadrillion Btu
420,2008-01-01,555.4,Million Metric Tons of Carbon Dioxide,593.63,Trillion Btu,9.41029,Quadrillion Btu,597.581,Trillion Btu,6.196483,Quadrillion Btu
421,2008-02-01,511.666,Million Metric Tons of Carbon Dioxide,541.686,Trillion Btu,8.649759,Quadrillion Btu,542.23,Trillion Btu,5.819837,Quadrillion Btu
422,2008-03-01,506.035,Million Metric Tons of Carbon Dioxide,596.878,Trillion Btu,8.584342,Quadrillion Btu,604.443,Trillion Btu,6.16355,Quadrillion Btu
423,2008-04-01,462.545,Million Metric Tons of Carbon Dioxide,606.43,Trillion Btu,7.832112,Quadrillion Btu,607.253,Trillion Btu,5.997844,Quadrillion Btu
424,2008-05-01,460.999,Million Metric Tons of Carbon Dioxide,664.939,Trillion Btu,7.889878,Quadrillion Btu,668.828,Trillion Btu,6.21425,Quadrillion Btu
425,2008-06-01,468.331,Million Metric Tons of Carbon Dioxide,673.973,Trillion Btu,8.03667,Quadrillion Btu,675.52,Trillion Btu,6.06965,Quadrillion Btu
426,2008-07-01,494.995,Million Metric Tons of Carbon Dioxide,645.981,Trillion Btu,8.411947,Quadrillion Btu,646.308,Trillion Btu,6.398124,Quadrillion Btu
427,2008-08-01,485.387,Million Metric Tons of Carbon Dioxide,597.497,Trillion Btu,8.21186,Quadrillion Btu,599.263,Trillion Btu,6.296245,Quadrillion Btu
428,2008-09-01,437.076,Million Metric Tons of Carbon Dioxide,532.877,Trillion Btu,7.348855,Quadrillion Btu,531.982,Trillion Btu,5.638979,Quadrillion Btu
429,2008-10-01,461.946,Million Metric Tons of Carbon Dioxide,554.001,Trillion Btu,7.779875,Quadrillion Btu,552.18,Trillion Btu,6.10018,Quadrillion Btu
430,2008-11-01,462.277,Million Metric Tons of Carbon Dioxide,549.341,Trillion Btu,7.805137,Quadrillion Btu,551.779,Trillion Btu,5.952553,Quadrillion Btu
431,2008-12-01,516.478,Million Metric Tons of Carbon Dioxide,618.066,Trillion Btu,8.793599,Quadrillion Btu,614.791,Trillion Btu,6.297806,Quadrillion Btu
432,2009-01-01,533.28,Million Metric Tons of Carbon Dioxide,622.078,Trillion Btu,9.126375,Quadrillion Btu,626.716,Trillion Btu,6.296241,Quadrillion Btu
433,2009-02-01,456.546,Million Metric Tons of Carbon Dioxide,537.023,Trillion Btu,7.866614,Quadrillion Btu,545.27,Trillion Btu,5.718099,Quadrillion Btu
434,2009-03-01,460.94,Million Metric Tons of Carbon Dioxide,623.332,Trillion Btu,8.045558,Quadrillion Btu,625.349,Trillion Btu,6.240043,Quadrillion Btu
435,2009-04-01,418.626,Million Metric Tons of Carbon Dioxide,655.288,Trillion Btu,7.334454,Quadrillion Btu,651.335,Trillion Btu,5.926872,Quadrillion Btu
436,2009-05-01,412.282,Million Metric Tons of Carbon Dioxide,697.469,Trillion Btu,7.280292,Quadrillion Btu,693.227,Trillion Btu,6.076374,Quadrillion Btu
437,2009-06-01,428.559,Million Metric Tons of Carbon Dioxide,687.84,Trillion Btu,7.530644,Quadrillion Btu,685.872,Trillion Btu,6.074316,Quadrillion Btu
438,2009-07-01,447.469,Million Metric Tons of Carbon Dioxide,645.659,Trillion Btu,7.807674,Quadrillion Btu,645.722,Trillion Btu,6.205553,Quadrillion Btu
439,2009-08-01,458.813,Million Metric Tons of Carbon Dioxide,618.461,Trillion Btu,7.955239,Quadrillion Btu,618.11,Trillion Btu,6.178304,Quadrillion Btu
440,2009-09-01,417.544,Million Metric Tons of Carbon Dioxide,569.29,Trillion Btu,7.263741,Quadrillion Btu,570.982,Trillion Btu,5.904858,Quadrillion Btu
441,2009-10-01,432.249,Million Metric Tons of Carbon Dioxide,628.834,Trillion Btu,7.463399,Quadrillion Btu,628.298,Trillion Btu,5.991712,Quadrillion Btu
442,2009-11-01,427.317,Million Metric Tons of Carbon Dioxide,637.537,Trillion Btu,7.438,Quadrillion Btu,642.624,Trillion Btu,5.85295,Quadrillion Btu
443,2009-12-01,510.046,Million Metric Tons of Carbon Dioxide,686.335,Trillion Btu,8.831041,Quadrillion Btu,692.242,Trillion Btu,6.127195,Quadrillion Btu
444,2010-01-01,524.186,Million Metric Tons of Carbon Dioxide,674.854,Trillion Btu,9.12207,Quadrillion Btu,684.631,Trillion Btu,6.158647,Quadrillion Btu
445,2010-02-01,471.414,Million Metric Tons of Carbon Dioxide,616.888,Trillion Btu,8.200866,Quadrillion Btu,622.725,Trillion Btu,5.737478,Quadrillion Btu
446,2010-03-01,469.018,Million Metric Tons of Carbon Dioxide,687.483,Trillion Btu,8.189559,Quadrillion Btu,696.685,Trillion Btu,6.37949,Quadrillion Btu
447,2010-04-01,420.424,Million Metric Tons of Carbon Dioxide,672.394,Trillion Btu,7.361723,Quadrillion Btu,675.733,Trillion Btu,6.051424,Quadrillion Btu
448,2010-05-01,435.588,Million Metric Tons of Carbon Dioxide,731.173,Trillion Btu,7.665975,Quadrillion Btu,732.772,Trillion Btu,6.206451,Quadrillion Btu
449,2010-06-01,457.362,Million Metric Tons of Carbon Dioxide,771.168,Trillion Btu,7.998152,Quadrillion Btu,769.017,Trillion Btu,6.196689,Quadrillion Btu
450,2010-07-01,484.432,Million Metric Tons of Carbon Dioxide,718.081,Trillion Btu,8.366321,Quadrillion Btu,717.649,Trillion Btu,6.336755,Quadrillion Btu
451,2010-08-01,490.64,Million Metric Tons of Carbon Dioxide,676.525,Trillion Btu,8.430768,Quadrillion Btu,678.088,Trillion Btu,6.401818,Quadrillion Btu
452,2010-09-01,441.761,Million Metric Tons of Carbon Dioxide,637.853,Trillion Btu,7.682324,Quadrillion Btu,641.121,Trillion Btu,6.278484,Quadrillion Btu
453,2010-10-01,427.169,Million Metric Tons of Carbon Dioxide,658.593,Trillion Btu,7.489785,Quadrillion Btu,661.381,Trillion Btu,6.33498,Quadrillion Btu
454,2010-11-01,444.009,Million Metric Tons of Carbon Dioxide,689.54,Trillion Btu,7.786146,Quadrillion Btu,696.046,Trillion Btu,6.254404,Quadrillion Btu
455,2010-12-01,527.556,Million Metric Tons of Carbon Dioxide,733.56,Trillion Btu,9.220542,Quadrillion Btu,739.158,Trillion Btu,6.572109,Quadrillion Btu
456,2011-01-01,529.267,Million Metric Tons of Carbon Dioxide,740.101,Trillion Btu,9.286777,Quadrillion Btu,755.956,Trillion Btu,6.494916,Quadrillion Btu
457,2011-02-01,454.464,Million Metric Tons of Carbon Dioxide,711.537,Trillion Btu,8.096854,Quadrillion Btu,718.491,Trillion Btu,5.894592,Quadrillion Btu
458,2011-03-01,464.555,Million Metric Tons of Carbon Dioxide,816.648,Trillion Btu,8.325084,Quadrillion Btu,827.278,Trillion Btu,6.675123,Quadrillion Btu
459,2011-04-01,418.497,Million Metric Tons of Carbon Dioxide,815.493,Trillion Btu,7.486272,Quadrillion Btu,824.689,Trillion Btu,6.302414,Quadrillion Btu
460,2011-05-01,425.506,Million Metric Tons of Carbon Dioxide,839.626,Trillion Btu,7.569207,Quadrillion Btu,845.788,Trillion Btu,6.438393,Quadrillion Btu
461,2011-06-01,445.132,Million Metric Tons of Carbon Dioxide,836.944,Trillion Btu,7.879953,Quadrillion Btu,837.531,Trillion Btu,6.434384,Quadrillion Btu
462,2011-07-01,476.194,Million Metric Tons of Carbon Dioxide,796.166,Trillion Btu,8.371063,Quadrillion Btu,805.792,Trillion Btu,6.500764,Quadrillion Btu
463,2011-08-01,480.27,Million Metric Tons of Carbon Dioxide,755.301,Trillion Btu,8.394966,Quadrillion Btu,755.8,Trillion Btu,6.707388,Quadrillion Btu
464,2011-09-01,428.306,Million Metric Tons of Carbon Dioxide,682.866,Trillion Btu,7.552035,Quadrillion Btu,689.653,Trillion Btu,6.440192,Quadrillion Btu
465,2011-10-01,424.888,Million Metric Tons of Carbon Dioxide,711.207,Trillion Btu,7.565711,Quadrillion Btu,720.149,Trillion Btu,6.682326,Quadrillion Btu
466,2011-11-01,432.489,Million Metric Tons of Carbon Dioxide,737.148,Trillion Btu,7.775544,Quadrillion Btu,748.063,Trillion Btu,6.658166,Quadrillion Btu
467,2011-12-01,475.034,Million Metric Tons of Carbon Dioxide,770.705,Trillion Btu,8.568678,Quadrillion Btu,780.498,Trillion Btu,6.879226,Quadrillion Btu
468,2012-01-01,477.242,Million Metric Tons of Carbon Dioxide,752.69,Trillion Btu,8.666355,Quadrillion Btu,773.864,Trillion Btu,6.938655,Quadrillion Btu
469,2012-02-01,440.122,Million Metric Tons of Carbon Dioxide,684.269,Trillion Btu,7.954506,Quadrillion Btu,695.961,Trillion Btu,6.338454,Quadrillion Btu
470,2012-03-01,417.385,Million Metric Tons of Carbon Dioxide,790.588,Trillion Btu,7.663517,Quadrillion Btu,797.646,Trillion Btu,6.655042,Quadrillion Btu
471,2012-04-01,390.711,Million Metric Tons of Carbon Dioxide,767.268,Trillion Btu,7.205389,Quadrillion Btu,770.99,Trillion Btu,6.277093,Quadrillion Btu
472,2012-05-01,414.698,Million Metric Tons of Carbon Dioxide,810.563,Trillion Btu,7.600137,Quadrillion Btu,813.258,Trillion Btu,6.602347,Quadrillion Btu
473,2012-06-01,427.51,Million Metric Tons of Carbon Dioxide,779.91,Trillion Btu,7.724107,Quadrillion Btu,779.742,Trillion Btu,6.456131,Quadrillion Btu
474,2012-07-01,467.491,Million Metric Tons of Carbon Dioxide,752.139,Trillion Btu,8.285714,Quadrillion Btu,751.249,Trillion Btu,6.752761,Quadrillion Btu
475,2012-08-01,463.795,Million Metric Tons of Carbon Dioxide,726.017,Trillion Btu,8.220671,Quadrillion Btu,720.652,Trillion Btu,6.797849,Quadrillion Btu
476,2012-09-01,411.408,Million Metric Tons of Carbon Dioxide,650.345,Trillion Btu,7.359055,Quadrillion Btu,651.381,Trillion Btu,6.443151,Quadrillion Btu
477,2012-10-01,422.951,Million Metric Tons of Carbon Dioxide,689.455,Trillion Btu,7.564448,Quadrillion Btu,683.696,Trillion Btu,6.685012,Quadrillion Btu
478,2012-11-01,438.695,Million Metric Tons of Carbon Dioxide,688.272,Trillion Btu,7.757953,Quadrillion Btu,687.807,Trillion Btu,6.546884,Quadrillion Btu
479,2012-12-01,464.212,Million Metric Tons of Carbon Dioxide,768.019,Trillion Btu,8.384662,Quadrillion Btu,769.914,Trillion Btu,6.762347,Quadrillion Btu
480,2013-01-01,494.229,Million Metric Tons of Carbon Dioxide,797.304,Trillion Btu,8.972153,Quadrillion Btu,798.274,Trillion Btu,6.844252,Quadrillion Btu
481,2013-02-01,442.136,Million Metric Tons of Carbon Dioxide,714.264,Trillion Btu,8.007429,Quadrillion Btu,712.257,Trillion Btu,6.228333,Quadrillion Btu
482,2013-03-01,463.834,Million Metric Tons of Carbon Dioxide,781.514,Trillion Btu,8.3733,Quadrillion Btu,779.697,Trillion Btu,6.812136,Quadrillion Btu
483,2013-04-01,409.474,Million Metric Tons of Carbon Dioxide,830.705,Trillion Btu,7.51368,Quadrillion Btu,828.707,Trillion Btu,6.616178,Quadrillion Btu
484,2013-05-01,414.128,Million Metric Tons of Carbon Dioxide,870.257,Trillion Btu,7.604649,Quadrillion Btu,869.796,Trillion Btu,6.920786,Quadrillion Btu
485,2013-06-01,424.322,Million Metric Tons of Carbon Dioxide,839.147,Trillion Btu,7.715212,Quadrillion Btu,833.767,Trillion Btu,6.744352,Quadrillion Btu
486,2013-07-01,459.341,Million Metric Tons of Carbon Dioxide,826.101,Trillion Btu,8.262746,Quadrillion Btu,825.78,Trillion Btu,7.064058,Quadrillion Btu
487,2013-08-01,456.186,Million Metric Tons of Carbon Dioxide,756.596,Trillion Btu,8.161546,Quadrillion Btu,753.265,Trillion Btu,7.121119,Quadrillion Btu
488,2013-09-01,424.821,Million Metric Tons of Carbon Dioxide,715.938,Trillion Btu,7.629706,Quadrillion Btu,708.18,Trillion Btu,6.801841,Quadrillion Btu
489,2013-10-01,424.846,Million Metric Tons of Carbon Dioxide,756.568,Trillion Btu,7.706898,Quadrillion Btu,751.34,Trillion Btu,6.885445,Quadrillion Btu
490,2013-11-01,446.141,Million Metric Tons of Carbon Dioxide,768.716,Trillion Btu,8.119832,Quadrillion Btu,769.765,Trillion Btu,6.845317,Quadrillion Btu
491,2013-12-01,499.333,Million Metric Tons of Carbon Dioxide,806.667,Trillion Btu,9.062807,Quadrillion Btu,806.71,Trillion Btu,6.981743,Quadrillion Btu
492,2014-01-01,532.891,Million Metric Tons of Carbon Dioxide,825.132,Trillion Btu,9.586525,Quadrillion Btu,832.113,Trillion Btu,7.176146,Quadrillion Btu
493,2014-02-01,473.424,Million Metric Tons of Carbon Dioxide,712.188,Trillion Btu,8.423493,Quadrillion Btu,715.327,Trillion Btu,6.475868,Quadrillion Btu
494,2014-03-01,469.599,Million Metric Tons of Carbon Dioxide,862.147,Trillion Btu,8.51752,Quadrillion Btu,867.485,Trillion Btu,7.298145,Quadrillion Btu
495,2014-04-01,409.962,Million Metric Tons of Carbon Dioxide,872.811,Trillion Btu,7.55194,Quadrillion Btu,875.021,Trillion Btu,7.136851,Quadrillion Btu
496,2014-05-01,416.047,Million Metric Tons of Carbon Dioxide,870.454,Trillion Btu,7.64392,Quadrillion Btu,872.232,Trillion Btu,7.361953,Quadrillion Btu
497,2014-06-01,426.237,Million Metric Tons of Carbon Dioxide,866.318,Trillion Btu,7.772431,Quadrillion Btu,870.442,Trillion Btu,7.230644,Quadrillion Btu
498,2014-07-01,456.826,Million Metric Tons of Carbon Dioxide,833.952,Trillion Btu,8.22332,Quadrillion Btu,837.498,Trillion Btu,7.550464,Quadrillion Btu
499,2014-08-01,457.442,Million Metric Tons of Carbon Dioxide,772.137,Trillion Btu,8.198891,Quadrillion Btu,769.418,Trillion Btu,7.562982,Quadrillion Btu
500,2014-09-01,422.107,Million Metric Tons of Carbon Dioxide,723.337,Trillion Btu,7.63803,Quadrillion Btu,724.578,Trillion Btu,7.297794,Quadrillion Btu
501,2014-10-01,425.462,Million Metric Tons of Carbon Dioxide,776.066,Trillion Btu,7.755184,Quadrillion Btu,775.119,Trillion Btu,7.523158,Quadrillion Btu
502,2014-11-01,447.013,Million Metric Tons of Carbon Dioxide,816.242,Trillion Btu,8.192835,Quadrillion Btu,819.852,Trillion Btu,7.371394,Quadrillion Btu
503,2014-12-01,476.831,Million Metric Tons of Carbon Dioxide,830.781,Trillion Btu,8.793318,Quadrillion Btu,839.045,Trillion Btu,7.77477,Quadrillion Btu
504,2015-01-01,506.475,Million Metric Tons of Carbon Dioxide,817.639,Trillion Btu,9.294707,Quadrillion Btu,832.429,Trillion Btu,7.714472,Quadrillion Btu
505,2015-02-01,472.131,Million Metric Tons of Carbon Dioxide,770.002,Trillion Btu,8.607429,Quadrillion Btu,774.299,Trillion Btu,6.875421,Quadrillion Btu
506,2015-03-01,455.72,Million Metric Tons of Carbon Dioxide,836.722,Trillion Btu,8.430192,Quadrillion Btu,840.839,Trillion Btu,7.594175,Quadrillion Btu
507,2015-04-01,395.965,Million Metric Tons of Carbon Dioxide,835.297,Trillion Btu,7.46496,Quadrillion Btu,837.208,Trillion Btu,7.331975,Quadrillion Btu
508,2015-05-01,409.556,Million Metric Tons of Carbon Dioxide,832.36,Trillion Btu,7.642273,Quadrillion Btu,830.568,Trillion Btu,7.369047,Quadrillion Btu
509,2015-06-01,431.093,Million Metric Tons of Carbon Dioxide,797.672,Trillion Btu,7.895389,Quadrillion Btu,795.652,Trillion Btu,7.123753,Quadrillion Btu
510,2015-07-01,463.67,Million Metric Tons of Carbon Dioxide,823.136,Trillion Btu,8.426042,Quadrillion Btu,821.708,Trillion Btu,7.53948,Quadrillion Btu
511,2015-08-01,454.82,Million Metric Tons of Carbon Dioxide,799.715,Trillion Btu,8.309123,Quadrillion Btu,795.483,Trillion Btu,7.650411,Quadrillion Btu
512,2015-09-01,418.565,Million Metric Tons of Carbon Dioxide,752.731,Trillion Btu,7.68303,Quadrillion Btu,745.778,Trillion Btu,7.325709,Quadrillion Btu
513,2015-10-01,409.786,Million Metric Tons of Carbon Dioxide,779.019,Trillion Btu,7.612865,Quadrillion Btu,778.329,Trillion Btu,7.370152,Quadrillion Btu
514,2015-11-01,406.129,Million Metric Tons of Carbon Dioxide,827.016,Trillion Btu,7.672648,Quadrillion Btu,830.171,Trillion Btu,7.117528,Quadrillion Btu
515,2015-12-01,438.155,Million Metric Tons of Carbon Dioxide,880.659,Trillion Btu,8.367964,Quadrillion Btu,885.938,Trillion Btu,7.283974,Quadrillion Btu
516,2016-01-01,482.862,Million Metric Tons of Carbon Dioxide,859.847,Trillion Btu,9.054568,Quadrillion Btu,878.658,Trillion Btu,7.233136,Quadrillion Btu
517,2016-02-01,433.655,Million Metric Tons of Carbon Dioxide,857.923,Trillion Btu,8.224827,Quadrillion Btu,867.107,Trillion Btu,6.8123,Quadrillion Btu
518,2016-03-01,409.895,Million Metric Tons of Carbon Dioxide,936.758,Trillion Btu,7.98304,Quadrillion Btu,945.793,Trillion Btu,7.138157,Quadrillion Btu
519,2016-04-01,382.586,Million Metric Tons of Carbon Dioxide,889.359,Trillion Btu,7.446024,Quadrillion Btu,895.855,Trillion Btu,6.727934,Quadrillion Btu
520,2016-05-01,390.118,Million Metric Tons of Carbon Dioxide,903.704,Trillion Btu,7.576566,Quadrillion Btu,906.577,Trillion Btu,6.995252,Quadrillion Btu
521,2016-06-01,424.803,Million Metric Tons of Carbon Dioxide,857.499,Trillion Btu,7.92884,Quadrillion Btu,863.306,Trillion Btu,6.897886,Quadrillion Btu
522,2016-07-01,459.014,Million Metric Tons of Carbon Dioxide,875.347,Trillion Btu,8.45992,Quadrillion Btu,874.767,Trillion Btu,7.138167,Quadrillion Btu
523,2016-08-01,466.594,Million Metric Tons of Carbon Dioxide,826.825,Trillion Btu,8.530317,Quadrillion Btu,827.253,Trillion Btu,7.196824,Quadrillion Btu
524,2016-09-01,418.332,Million Metric Tons of Carbon Dioxide,792.099,Trillion Btu,7.744208,Quadrillion Btu,792.704,Trillion Btu,6.856757,Quadrillion Btu
525,2016-10-01,408.976,Million Metric Tons of Carbon Dioxide,834.79,Trillion Btu,7.648843,Quadrillion Btu,839.944,Trillion Btu,7.111063,Quadrillion Btu
526,2016-11-01,405.953,Million Metric Tons of Carbon Dioxide,838.469,Trillion Btu,7.711991,Quadrillion Btu,840.748,Trillion Btu,7.032681,Quadrillion Btu
527,2016-12-01,486.15,Million Metric Tons of Carbon Dioxide,938.316,Trillion Btu,9.074461,Quadrillion Btu,946.918,Trillion Btu,7.203143,Quadrillion Btu
528,2017-01-01,477.207,Million Metric Tons of Carbon Dioxide,909.486,Trillion Btu,8.975976,Quadrillion Btu,931.924,Trillion Btu,7.299273,Quadrillion Btu
529,2017-02-01,396.73,Million Metric Tons of Carbon Dioxide,862.803,Trillion Btu,7.621428,Quadrillion Btu,878.903,Trillion Btu,6.746301,Quadrillion Btu
530,2017-03-01,435.702,Million Metric Tons of Carbon Dioxide,1018.604,Trillion Btu,8.430694,Quadrillion Btu,1031.438,Trillion Btu,7.400388,Quadrillion Btu
531,2017-04-01,383.438,Million Metric Tons of Carbon Dioxide,998.055,Trillion Btu,7.452908,Quadrillion Btu,1002.698,Trillion Btu,7.018642,Quadrillion Btu
532,2017-05-01,404.315,Million Metric Tons of Carbon Dioxide,1038.855,Trillion Btu,7.79349,Quadrillion Btu,1040.217,Trillion Btu,7.337765,Quadrillion Btu
533,2017-06-01,415.783,Million Metric Tons of Carbon Dioxide,994.964,Trillion Btu,7.958965,Quadrillion Btu,994.665,Trillion Btu,7.306306,Quadrillion Btu
534,2017-07-01,451.327,Million Metric Tons of Carbon Dioxide,924.182,Trillion Btu,8.422125,Quadrillion Btu,929.243,Trillion Btu,7.41491,Quadrillion Btu
535,2017-08-01,444.287,Million Metric Tons of Carbon Dioxide,869.966,Trillion Btu,8.292591,Quadrillion Btu,874.71,Trillion Btu,7.516685,Quadrillion Btu
536,2017-09-01,402.793,Million Metric Tons of Carbon Dioxide,840.234,Trillion Btu,7.618185,Quadrillion Btu,849.622,Trillion Btu,7.230516,Quadrillion Btu
537,2017-10-01,407.891,Million Metric Tons of Carbon Dioxide,894.765,Trillion Btu,7.808618,Quadrillion Btu,905.038,Trillion Btu,7.580905,Quadrillion Btu
538,2017-11-01,425.821,Million Metric Tons of Carbon Dioxide,880.143,Trillion Btu,8.097279,Quadrillion Btu,896.362,Trillion Btu,7.544406,Quadrillion Btu
539,2017-12-01,486.152,Million Metric Tons of Carbon Dioxide,909.573,Trillion Btu,9.187598,Quadrillion Btu,927.922,Trillion Btu,7.737905,Quadrillion Btu
540,2018-01-01,512.079,Million Metric Tons of Carbon Dioxide,958.427,Trillion Btu,9.66464,Quadrillion Btu,977.27,Trillion Btu,7.746415,Quadrillion Btu
541,2018-02-01,414.76,Million Metric Tons of Carbon Dioxide,897.89,Trillion Btu,8.063861,Quadrillion Btu,923.262,Trillion Btu,7.208834,Quadrillion Btu
542,2018-03-01,446.9,Million Metric Tons of Carbon Dioxide,999.192,Trillion Btu,8.705691,Quadrillion Btu,1017.561,Trillion Btu,7.981223,Quadrillion Btu
543,2018-04-01,402.919,Million Metric Tons of Carbon Dioxide,1006.104,Trillion Btu,7.886506,Quadrillion Btu,1024.565,Trillion Btu,7.603494,Quadrillion Btu
544,2018-05-01,406.662,Million Metric Tons of Carbon Dioxide,1048.849,Trillion Btu,7.98655,Quadrillion Btu,1055.057,Trillion Btu,7.967506,Quadrillion Btu
545,2018-06-01,420.562,Million Metric Tons of Carbon Dioxide,1019.311,Trillion Btu,8.143276,Quadrillion Btu,1034.187,Trillion Btu,7.867339,Quadrillion Btu
546,2018-07-01,453.819,Million Metric Tons of Carbon Dioxide,933.42,Trillion Btu,8.610394,Quadrillion Btu,949.301,Trillion Btu,8.113583,Quadrillion Btu
547,2018-08-01,459.209,Million Metric Tons of Carbon Dioxide,940.081,Trillion Btu,8.68992,Quadrillion Btu,954.031,Trillion Btu,8.403663,Quadrillion Btu
548,2018-09-01,414.218,Million Metric Tons of Carbon Dioxide,853.274,Trillion Btu,7.863674,Quadrillion Btu,872.628,Trillion Btu,7.988906,Quadrillion Btu
549,2018-10-01,425.941,Million Metric Tons of Carbon Dioxide,891.141,Trillion Btu,8.086068,Quadrillion Btu,909.746,Trillion Btu,8.265627,Quadrillion Btu
550,2018-11-01,447.999,Million Metric Tons of Carbon Dioxide,894.512,Trillion Btu,8.515365,Quadrillion Btu,913.666,Trillion Btu,8.181565,Quadrillion Btu
551,2018-12-01,472.739,Million Metric Tons of Carbon Dioxide,931.8,Trillion Btu,9.02835,Quadrillion Btu,952.363,Trillion Btu,8.478537,Quadrillion Btu
552,2019-01-01,499.589,Million Metric Tons of Carbon Dioxide,928.926,Trillion Btu,9.54814,Quadrillion Btu,952.997,Trillion Btu,8.531678,Quadrillion Btu
553,2019-02-01,432.652,Million Metric Tons of Carbon Dioxide,869.917,Trillion Btu,8.39209,Quadrillion Btu,883.234,Trillion Btu,7.687937,Quadrillion Btu
554,2019-03-01,448.421,Million Metric Tons of Carbon Dioxide,989.278,Trillion Btu,8.70832,Quadrillion Btu,1000.169,Trillion Btu,8.34368,Quadrillion Btu
555,2019-04-01,383.101,Million Metric Tons of Carbon Dioxide,1024.289,Trillion Btu,7.676715,Quadrillion Btu,1040.108,Trillion Btu,8.326834,Quadrillion Btu
556,2019-05-01,398.972,Million Metric Tons of Carbon Dioxide,1065.875,Trillion Btu,7.952943,Quadrillion Btu,1074.173,Trillion Btu,8.652165,Quadrillion Btu
557,2019-06-01,401.852,Million Metric Tons of Carbon Dioxide,998.086,Trillion Btu,7.918651,Quadrillion Btu,1010.25,Trillion Btu,8.335429,Quadrillion Btu
558,2019-07-01,442.427,Million Metric Tons of Carbon Dioxide,985.581,Trillion Btu,8.563588,Quadrillion Btu,998.634,Trillion Btu,8.537893,Quadrillion Btu
559,2019-08-01,443.756,Million Metric Tons of Carbon Dioxide,939.71,Trillion Btu,8.566683,Quadrillion Btu,952.886,Trillion Btu,8.765957,Quadrillion Btu
560,2019-09-01,403.69,Million Metric Tons of Carbon Dioxide,901.455,Trillion Btu,7.867671,Quadrillion Btu,912.797,Trillion Btu,8.425401,Quadrillion Btu
561,2019-10-01,404.47,Million Metric Tons of Carbon Dioxide,933.519,Trillion Btu,7.942557,Quadrillion Btu,941.872,Trillion Btu,8.65213,Quadrillion Btu
562,2019-11-01,432.71,Million Metric Tons of Carbon Dioxide,900.533,Trillion Btu,8.396412,Quadrillion Btu,912.369,Trillion Btu,8.46808,Quadrillion Btu
563,2019-12-01,455.258,Million Metric Tons of Carbon Dioxide,935.555,Trillion Btu,8.948567,Quadrillion Btu,952.227,Trillion Btu,8.76354,Quadrillion Btu
564,2020-01-01,450.192,Million Metric Tons of Carbon Dioxide,959.653,Trillion Btu,8.975322,Quadrillion Btu,981.767,Trillion Btu,8.780509,Quadrillion Btu
565,2020-02-01,418.213,Million Metric Tons of Carbon Dioxide,967.907,Trillion Btu,8.368369,Quadrillion Btu,985.684,Trillion Btu,8.131933,Quadrillion Btu
566,2020-03-01,387.613,Million Metric Tons of Carbon Dioxide,964.364,Trillion Btu,7.88535,Quadrillion Btu,995.626,Trillion Btu,8.49423,Quadrillion Btu
567,2020-04-01,305.204,Million Metric Tons of Carbon Dioxide,915.744,Trillion Btu,6.516773,Quadrillion Btu,923.394,Trillion Btu,7.783706,Quadrillion Btu
568,2020-05-01,317.467,Million Metric Tons of Carbon Dioxide,1022.765,Trillion Btu,6.830094,Quadrillion Btu,1021.913,Trillion Btu,7.488623,Quadrillion Btu
569,2020-06-01,347.744,Million Metric Tons of Carbon Dioxide,1038.392,Trillion Btu,7.276759,Quadrillion Btu,1039.277,Trillion Btu,7.631262,Quadrillion Btu
570,2020-07-01,403.757,Million Metric Tons of Carbon Dioxide,986.168,Trillion Btu,8.068227,Quadrillion Btu,995.43,Trillion Btu,8.022561,Quadrillion Btu
571,2020-08-01,405.826,Million Metric Tons of Carbon Dioxide,943.762,Trillion Btu,8.014567,Quadrillion Btu,955.298,Trillion Btu,7.977449,Quadrillion Btu
572,2020-09-01,363.857,Million Metric Tons of Carbon Dioxide,874.391,Trillion Btu,7.301468,Quadrillion Btu,884.898,Trillion Btu,7.70982,Quadrillion Btu
573,2020-10-01,371.087,Million Metric Tons of Carbon Dioxide,918.917,Trillion Btu,7.477573,Quadrillion Btu,938.857,Trillion Btu,7.763557,Quadrillion Btu
574,2020-11-01,372.578,Million Metric Tons of Carbon Dioxide,962.745,Trillion Btu,7.583259,Quadrillion Btu,981.015,Trillion Btu,7.860431,Quadrillion Btu
575,2020-12-01,436.315,Million Metric Tons of Carbon Dioxide,968.544,Trillion Btu,8.714428,Quadrillion Btu,984.879,Trillion Btu,8.108683,Quadrillion Btu
576,2021-01-01,450.144,Million Metric Tons of Carbon Dioxide,977.283,Trillion Btu,8.962582,Quadrillion Btu,1007.622,Trillion Btu,8.265388,Quadrillion Btu
577,2021-02-01,420.817,Million Metric Tons of Carbon Dioxide,877.365,Trillion Btu,8.164671,Quadrillion Btu,883.73,Trillion Btu,6.872899,Quadrillion Btu
578,2021-03-01,401.269,Million Metric Tons of Carbon Dioxide,1086.705,Trillion Btu,8.134114,Quadrillion Btu,1098.236,Trillion Btu,8.369889,Quadrillion Btu
579,2021-04-01,368.591,Million Metric Tons of Carbon Dioxide,1032.916,Trillion Btu,7.511126,Quadrillion Btu,1042.578,Trillion Btu,8.009105,Quadrillion Btu
580,2021-05-01,377.284,Million Metric Tons of Carbon Dioxide,1093.312,Trillion Btu,7.723095,Quadrillion Btu,1101.025,Trillion Btu,8.391275,Quadrillion Btu
581,2021-06-01,404.598,Million Metric Tons of Carbon Dioxide,1025.652,Trillion Btu,8.04777,Quadrillion Btu,1037.713,Trillion Btu,8.170419,Quadrillion Btu
582,2021-07-01,431.407,Million Metric Tons of Carbon Dioxide,980.824,Trillion Btu,8.408373,Quadrillion Btu,993.482,Trillion Btu,8.35283,Quadrillion Btu
583,2021-08-01,437.573,Million Metric Tons of Carbon Dioxide,1003.764,Trillion Btu,8.522359,Quadrillion Btu,1010.054,Trillion Btu,8.418215,Quadrillion Btu
584,2021-09-01,389.73,Million Metric Tons of Carbon Dioxide,961.973,Trillion Btu,7.731151,Quadrillion Btu,972.202,Trillion Btu,8.068233,Quadrillion Btu
585,2021-10-01,389.111,Million Metric Tons of Carbon Dioxide,1002.461,Trillion Btu,7.768432,Quadrillion Btu,1011.388,Trillion Btu,8.377685,Quadrillion Btu
586,2021-11-01,404.364,Million Metric Tons of Carbon Dioxide,1023.147,Trillion Btu,8.16091,Quadrillion Btu,1043.514,Trillion Btu,8.35328,Quadrillion Btu
587,2021-12-01,429.521,Million Metric Tons of Carbon Dioxide,1106.222,Trillion Btu,8.772377,Quadrillion Btu,1133.127,Trillion Btu,8.688033,Quadrillion Btu
588,2022-01-01,479.942,Million Metric Tons of Carbon Dioxide,1093.191,Trillion Btu,9.534035,Quadrillion Btu,1129.393,Trillion Btu,8.540763,Quadrillion Btu
589,2022-02-01,422.986,Million Metric Tons of Carbon Dioxide,1047.077,Trillion Btu,8.468978,Quadrillion Btu,1072.11,Trillion Btu,7.775181,Quadrillion Btu
590,2022-03-01,419.288,Million Metric Tons of Carbon Dioxide,1191.421,Trillion Btu,8.553988,Quadrillion Btu,1211.101,Trillion Btu,8.691271,Quadrillion Btu
591,2022-04-01,376.096,Million Metric Tons of Carbon Dioxide,1165.428,Trillion Btu,7.76329,Quadrillion Btu,1177.093,Trillion Btu,8.318758,Quadrillion Btu
592,2022-05-01,383.041,Million Metric Tons of Carbon Dioxide,1202.818,Trillion Btu,7.948937,Quadrillion Btu,1222.225,Trillion Btu,8.737765,Quadrillion Btu
593,2022-06-01,398.85,Million Metric Tons of Carbon Dioxide,1166.464,Trillion Btu,8.167087,Quadrillion Btu,1182.656,Trillion Btu,8.574471,Quadrillion Btu
594,2022-07-01,428.532,Million Metric Tons of Carbon Dioxide,1122.081,Trillion Btu,8.608685,Quadrillion Btu,1143.321,Trillion Btu,8.794476,Quadrillion Btu
595,2022-08-01,430.354,Million Metric Tons of Carbon Dioxide,1046.663,Trillion Btu,8.543537,Quadrillion Btu,1054.886,Trillion Btu,8.812102,Quadrillion Btu
